theme_id,theme_name,url,date,summary,sentiment,telegram_corroborates,lang
TH02,IT Sector Crash & AI Disruption,https://www.reddit.com/r/IndianStreetBets/comments/1cr7a9/tcs_layoffs_and_ai_is_traditional_it_dead/,2026-05-15,Discussion on TCS headcount reduction of 23460 and whether Generative AI is structural doom for services model,bearish,Y,en
TH02,IT Sector Crash & AI Disruption,https://www.reddit.com/r/StockMarketIndia/comments/1cn2x4/infosys_warn_notices_and_hiring_slowdown_what/,2026-05-10,Retail anxiety over Infosys US WARN notices and shifting clients to AI budgets,bearish,Y,hinglish
TH02,IT Sector Crash & AI Disruption,https://www.reddit.com/r/IndianStreetBets/comments/1cy5t9/it_stocks_down_30_ytd_is_it_time_to_buy_dip/,2026-05-24,Debate on whether the Nifty IT index correction (down 23.8% YTD) is a contrarian value buy or catching a falling knife,confused,Y,hinglish
TH02,IT Sector Crash & AI Disruption,https://www.reddit.com/r/IndiaInvestments/comments/1ck4b8/long_term_analysis_of_indian_it_sector_under_ai/,2026-05-08,Serious discussion about PPFAS and other mutual funds adding IT stocks at multi-year low valuations,bullish,N,en
TH02,IT Sector Crash & AI Disruption,https://www.reddit.com/r/IndianStreetBets/comments/1cv9u2/wipro_layoffs_aur_ai_coding_tools_ab_freshers_ka/,2026-05-20,Hinglish venting about Wipro layoffs and code generation tools reducing entry-level jobs,bearish,Y,hinglish
TH04,FII Sell vs DII Buy Dynamics,https://www.reddit.com/r/IndianStreetBets/comments/1cx8r3/fii_sold_34000_crores_this_month_why_are_they/,2026-05-26,Frustration over persistent FII selling (-₹33.4k cr MTD) and why high US yields are draining emerging markets,bearish,Y,hinglish
TH04,FII Sell vs DII Buy Dynamics,https://www.reddit.com/r/StockMarketIndia/comments/1cy8w1/dii_holding_the_market_retail_sip_power/,2026-05-27,Celebrating DII buying (+₹63.4k cr MTD) powered by monthly SIPs (₹31115 cr) absorbing FII dumps,bullish,Y,en
TH04,FII Sell vs DII Buy Dynamics,https://www.reddit.com/r/IndiaInvestments/comments/1cp3r2/sip_inflows_cross_31000_crores_in_april_2026/,2026-05-12,Detailed analysis of April SIP resilience despite market correction,bullish,Y,en
TH04,FII Sell vs DII Buy Dynamics,https://www.reddit.com/r/IndianStreetBets/comments/1ct2x9/agar_sip_paisa_ruka_toh_nifty_20k_pe_milega/,2026-05-18,Fear-mongering Hinglish post suggesting that if retail SIPs slow down the market will crash without FII support,confused,Y,hinglish
TH04,FII Sell vs DII Buy Dynamics,https://www.reddit.com/r/StockMarketIndia/comments/1cw4f3/daily_fii_dii_data_update_25_may_2026/,2026-05-25,Tracking daily provisional flows showing FIIs dumping and DIIs buying,confused,Y,en
TH07,SEBI F&O Restrictions & STT Hike,https://www.reddit.com/r/IndianStreetBets/comments/1c94r2/budget_2026_stt_hike_on_fo_is_this_the_end_for/,2026-04-02,Anger at the STT hike (futures to 0.05% options to 0.15%) effective April 1 2026 raising transaction costs,regulatory_fear,Y,hinglish
TH07,SEBI F&O Restrictions & STT Hike,https://www.reddit.com/r/IndianStreetBets/comments/1ca8e5/weekly_expiries_discontinued_except_nifty_and/,2026-04-05,Complaints about SEBI limiting weekly options expiry to 1 index per exchange destroying retail option strategies,regulatory_fear,Y,en
TH07,SEBI F&O Restrictions & STT Hike,https://www.reddit.com/r/StockMarketIndia/comments/1cd2w9/shifting_from_fo_to_equity_swing_trading_after/,2026-04-12,Option buyers discussing moving their capital to equity cash swing trading due to high STT and margin rules,bullish,Y,en
TH07,SEBI F&O Restrictions & STT Hike,https://www.reddit.com/r/IndianStreetBets/comments/1cg9y2/sebi_5050_margin_rule_collateral_haircut_pain/,2026-04-18,Complaints about the mandatory 50:50 cash-collateral margin structures and daily snapshots,regulatory_fear,Y,hinglish
TH07,SEBI F&O Restrictions & STT Hike,https://www.reddit.com/r/IndiaInvestments/comments/1c3ar9/sebis_new_fo_rules_and_retail_safety_a_necessary/,2026-04-01,Long-term investors supporting SEBI restrictions to prevent retail losses in derivatives,bullish,N,en
TH05,USDINR Currency Depreciation (Rupee 95.8+),https://www.reddit.com/r/IndianStreetBets/comments/1cw8e2/usdinr_nearing_96_what_stocks_to_buy_or_avoid/,2026-05-25,Traders discussing the impact of Rupee depreciation on import-dependent sectors like chemicals and auto,confused,Y,hinglish
TH05,USDINR Currency Depreciation (Rupee 95.8+),https://www.reddit.com/r/IndiaInvestments/comments/1cr9y3/rupee_undervalued_reer_drops_to_13_year_low_export/,2026-05-16,Analysis of the REER dropping to 90.96 and if IT/Pharma exporters will benefit in the long run,bullish,Y,en
TH05,USDINR Currency Depreciation (Rupee 95.8+),https://www.reddit.com/r/StockMarketIndia/comments/1cy6r8/dollar_strong_rupee_weak_how_does_it_affect/,2026-05-26,Discussion on NRI remittance surge and local import bills rising as USDINR stays around 95.80,bearish,Y,en
TH05,USDINR Currency Depreciation (Rupee 95.8+),https://www.reddit.com/r/IndianStreetBets/comments/1cx9a5/usd_inr_958_se_import_cost_badhega_chemical/,2026-05-26,Warning about chemical and raw metal manufacturers facing margin compression due to currency costs,bearish,Y,hinglish
TH05,USDINR Currency Depreciation (Rupee 95.8+),https://www.reddit.com/r/Trading/comments/1cvy4x/usdinr_forex_trading_restrictions_by_rbi/,2026-05-20,Cautions regarding RBI forex position caps for retail trading on USDINR pairs,regulatory_fear,Y,en
TH03,Metal Energy & Defence PSU Rotation,https://www.reddit.com/r/IndianStreetBets/comments/1cy4a8/defence_stocks_breakout_hal_and_bel_rallies/,2026-05-26,Retail FOMO on defence PSUs (HAL & BEL) showing fresh breakouts and technical gains,bullish,Y,hinglish
TH03,Metal Energy & Defence PSU Rotation,https://www.reddit.com/r/StockMarketIndia/comments/1cw8x4/metal_stocks_jsw_steel_tata_steel_outperforming/,2026-05-22,Analyzing the Nifty Metal index rally (+19% YTD) driven by global steel prices and infrastructure capex,bullish,Y,en
TH03,Metal Energy & Defence PSU Rotation,https://www.reddit.com/r/IndiaInvestments/comments/1cq3r8/union_budget_capex_target_122_lakh_crores_impact/,2026-05-15,Long-term impact of the ₹12.2 lakh crore capex target on public sector undertakings (PSUs),bullish,Y,en
TH03,Metal Energy & Defence PSU Rotation,https://www.reddit.com/r/IndianStreetBets/comments/1cx4y9/psu_bubble_or_structural_shift_are_we_near_top/,2026-05-24,Debate on whether defence and PSU energy valuations have run ahead of actual order book deliveries,confused,Y,hinglish
TH03,Metal Energy & Defence PSU Rotation,https://www.reddit.com/r/StockMarketIndia/comments/1cy9r2/tata_steel_breakout_metal_sector_rotation_is_real/,2026-05-27,Short-term traders sharing charts showing volume expansion and breakout signals for Tata Steel,bullish,Y,en
TH06,Crude Oil & West Asia Geopolitical Shocks,https://www.reddit.com/r/IndianStreetBets/comments/1cu4a7/crude_oil_spikes_to_117_due_to_israeliran_tension/,2026-05-19,Panic over crude oil price spikes due to tensions and Strait of Hormuz logistics disruptions,bearish,Y,hinglish
TH06,Crude Oil & West Asia Geopolitical Shocks,https://www.reddit.com/r/StockMarketIndia/comments/1cv9x8/impact_of_crude_oil_on_omcs_keep_sl_tight_on_bpcl/,2026-05-21,Speculation on margin compression for Oil Marketing Companies (OMCs: BPCL IOC HPCL) as retail rates remain frozen,bearish,Y,en
TH06,Crude Oil & West Asia Geopolitical Shocks,https://www.reddit.com/r/IndiaInvestments/comments/1cw2r4/crude_price_volatility_and_indian_cpi_wpi_divergence/,2026-05-23,Academic discussion on how Brent crude price swings feed into WPI wholesale inflation (8.30%) and delay RBI repo rate cuts,confused,Y,en
TH06,Crude Oil & West Asia Geopolitical Shocks,https://www.reddit.com/r/IndianStreetBets/comments/1cy2e9/west_asia_conflict_nifty_gap_down_tomorrow/,2026-05-26,Thread discussing weekend escalation news and predictions of a Monday gap-down for Nifty,bearish,Y,hinglish
TH06,Crude Oil & West Asia Geopolitical Shocks,https://www.reddit.com/r/StockMarketIndia/comments/1cx7t8/crude_oil_at_105_is_the_worst_over_for_omcs/,2026-05-25,Value hunters looking to buy BPCL and IOC as Brent oil eases slightly from $117 down to $105/bbl,bullish,Y,en
TH12,Broker Outages & Infrastructure Failure,https://www.reddit.com/r/IndianStreetBets/comments/1cy8t4/zerodha_glitch_again_on_expiry_day_kite_stuck/,2026-05-27,Anger and complaints about Zerodha (Kite) app lag during option expiry hours due to connectivity checks,angry_at_broker,Y,hinglish
TH12,Broker Outages & Infrastructure Failure,https://www.reddit.com/r/StockMarketIndia/comments/1cu8e4/groww_app_portfolio_showing_incorrect_values/,2026-05-18,Troubleshooting Groww portfolio display errors and discussions on moving to alternative brokers like Angel One,angry_at_broker,Y,en
TH08,SME IPO Madness & GMP Speculation,https://www.reddit.com/r/IndianStreetBets/comments/1cy4w9/rajnandini_fashion_sme_ipo_subscription_gmp_hype/,2026-05-26,Debating the Grey Market Premium (GMP) and subscription metrics (1.48x on day 1) for Rajnandini Fashion,confused,Y,hinglish
TH08,SME IPO Madness & GMP Speculation,https://www.reddit.com/r/StockMarketIndia/comments/1cy9x5/merritronix_sme_ipo_minimum_investment_298k_too/,2026-05-27,Speculation regarding Merritronix SME IPO opening June 1 with users complaining about the high minimum lot size of ₹2.98 Lakh,confused,Y,en
TH08,SME IPO Madness & GMP Speculation,https://www.reddit.com/r/IndianStreetBets/comments/1cy5r2/sme_ipo_pump_and_dump_beware_of_gmp_manipulation/,2026-05-25,Warnings about pump-and-dump networks operating via Telegram channels to inflate SME grey market prices,regulatory_fear,Y,hinglish
