pair,n,eg_resid_adf_t,eg_pass_5pct,approx_p,bh_fdr_survive,half_life_is
RELIANCE.NS/TCS.NS,4288,-0.804,false,0.8992,false,655.1
RELIANCE.NS/HDFCBANK.NS,4288,-0.845,false,0.8904,false,599.3
RELIANCE.NS/INFY.NS,4288,-2.186,false,0.4542,false,194.7
RELIANCE.NS/ICICIBANK.NS,4288,-1.920,false,0.5749,false,281.0
RELIANCE.NS/HINDUNILVR.NS,4288,-1.088,false,0.8384,false,499.5
RELIANCE.NS/ITC.NS,4288,0.345,false,0.9750,false,
RELIANCE.NS/SBIN.NS,4288,-1.021,false,0.8527,false,830.8
RELIANCE.NS/BAJFINANCE.NS,4288,-1.003,false,0.8566,false,545.6
RELIANCE.NS/BAJAJ-AUTO.NS,4288,-0.429,false,0.9348,false,1144.4
RELIANCE.NS/BHARTIARTL.NS,4288,-2.738,false,0.1963,false,115.3
RELIANCE.NS/WIPRO.NS,4288,-1.604,false,0.7066,false,329.8
RELIANCE.NS/MARUTI.NS,4288,-0.413,false,0.9363,false,1131.3
RELIANCE.NS/HCLTECH.NS,4288,-0.743,false,0.9053,false,1059.9
RELIANCE.NS/TATASTEEL.NS,4288,-0.907,false,0.8771,false,857.9
RELIANCE.NS/KOTAKBANK.NS,4288,-0.859,false,0.8874,false,661.1
RELIANCE.NS/AXISBANK.NS,4288,-0.575,false,0.9211,false,1133.4
RELIANCE.NS/ULTRACEMCO.NS,4288,-0.759,false,0.9039,false,847.6
RELIANCE.NS/SUNPHARMA.NS,4288,0.211,false,0.9750,false,
RELIANCE.NS/ASIANPAINT.NS,4288,-0.892,false,0.8802,false,680.9
RELIANCE.NS/NESTLEIND.NS,4288,-3.311,false,0.0548,false,125.5
RELIANCE.NS/POWERGRID.NS,4288,-1.704,false,0.6649,false,283.8
RELIANCE.NS/NTPC.NS,4288,0.108,false,0.9750,false,
RELIANCE.NS/ONGC.NS,4288,-1.732,false,0.6534,false,381.4
RELIANCE.NS/DIVISLAB.NS,4287,-1.725,false,0.6561,false,333.5
RELIANCE.NS/CIPLA.NS,4288,-0.879,false,0.8832,false,737.7
RELIANCE.NS/EICHERMOT.NS,4288,-0.083,false,0.9672,false,7035.2
RELIANCE.NS/GRASIM.NS,4288,-1.174,false,0.8199,false,479.0
RELIANCE.NS/HEROMOTOCO.NS,4288,-0.593,false,0.9194,false,846.9
RELIANCE.NS/HINDALCO.NS,4288,-1.233,false,0.8073,false,561.3
RELIANCE.NS/INDUSINDBK.NS,4288,0.451,false,0.9750,false,
RELIANCE.NS/JSWSTEEL.NS,4288,-2.127,false,0.4857,false,238.2
RELIANCE.NS/LT.NS,4288,-1.195,false,0.8153,false,537.1
RELIANCE.NS/M&M.NS,4288,-0.195,false,0.9568,false,3028.4
RELIANCE.NS/TECHM.NS,4288,-1.088,false,0.8382,false,628.2
RELIANCE.NS/TITAN.NS,4288,-1.065,false,0.8431,false,512.8
RELIANCE.NS/UPL.NS,4288,-0.575,false,0.9211,false,744.2
RELIANCE.NS/ADANIPORTS.NS,4288,-1.550,false,0.7290,false,338.3
RELIANCE.NS/ADANIENT.NS,4288,-2.134,false,0.4818,false,208.7
RELIANCE.NS/DRREDDY.NS,4288,-0.396,false,0.9378,false,1976.8
RELIANCE.NS/BAJAJFINSV.NS,4288,-1.295,false,0.7939,false,422.3
RELIANCE.NS/BRITANNIA.NS,4288,-0.757,false,0.9040,false,722.9
RELIANCE.NS/COALINDIA.NS,3834,-0.995,false,0.8583,false,557.9
RELIANCE.NS/SBILIFE.NS,2134,-3.322,false,0.0529,false,58.5
RELIANCE.NS/HDFCLIFE.NS,2102,-1.941,false,0.5664,false,131.9
RELIANCE.NS/APOLLOHOSP.NS,4288,-0.782,false,0.9017,false,862.0
TCS.NS/HDFCBANK.NS,4288,-3.218,false,0.0704,false,121.7
TCS.NS/ICICIBANK.NS,4288,-3.767,true,0.0167,false,76.5
TCS.NS/HINDUNILVR.NS,4288,-4.144,true,0.0080,false,113.9
TCS.NS/ITC.NS,4288,-1.536,false,0.7349,false,310.2
TCS.NS/SBIN.NS,4288,-2.464,false,0.3064,false,223.3
TCS.NS/BAJFINANCE.NS,4288,-2.982,false,0.1184,false,143.1
TCS.NS/BAJAJ-AUTO.NS,4288,-3.432,true,0.0412,false,108.2
TCS.NS/BHARTIARTL.NS,4288,-3.190,false,0.0751,false,173.8
TCS.NS/WIPRO.NS,4288,-2.838,false,0.1645,false,125.9
TCS.NS/MARUTI.NS,4288,-1.958,false,0.5591,false,332.8
TCS.NS/TATASTEEL.NS,4288,-1.857,false,0.6013,false,578.7
TCS.NS/KOTAKBANK.NS,4288,-3.639,true,0.0231,false,99.6
TCS.NS/AXISBANK.NS,4288,-2.926,false,0.1365,false,128.3
TCS.NS/ULTRACEMCO.NS,4288,-2.956,false,0.1267,false,120.4
TCS.NS/SUNPHARMA.NS,4288,-1.293,false,0.7943,false,561.1
TCS.NS/ASIANPAINT.NS,4288,-4.270,true,0.0069,false,65.3
TCS.NS/NESTLEIND.NS,4288,-4.173,true,0.0077,false,200.2
TCS.NS/POWERGRID.NS,4288,-2.855,false,0.1592,false,175.7
TCS.NS/NTPC.NS,4288,-2.288,false,0.3998,false,441.7
TCS.NS/ONGC.NS,4288,-2.516,false,0.2788,false,664.6
TCS.NS/DIVISLAB.NS,4287,-4.591,true,0.0048,false,97.3
TCS.NS/CIPLA.NS,4288,-2.905,false,0.1430,false,128.7
TCS.NS/EICHERMOT.NS,4288,-1.990,false,0.5459,false,264.9
TCS.NS/GRASIM.NS,4288,-2.143,false,0.4771,false,244.8
TCS.NS/HEROMOTOCO.NS,4288,-2.479,false,0.2982,false,165.5
TCS.NS/HINDALCO.NS,4288,-1.791,false,0.6289,false,429.4
TCS.NS/INDUSINDBK.NS,4288,-1.231,false,0.8076,false,452.0
TCS.NS/JSWSTEEL.NS,4288,-1.950,false,0.5623,false,300.0
TCS.NS/LT.NS,4288,-2.435,false,0.3217,false,183.8
TCS.NS/M&M.NS,4288,-2.634,false,0.2297,false,158.3
TCS.NS/TECHM.NS,4288,-2.347,false,0.3685,false,161.0
TCS.NS/TITAN.NS,4288,-3.639,true,0.0231,false,92.9
TCS.NS/UPL.NS,4288,-2.964,false,0.1241,false,215.8
TCS.NS/ADANIPORTS.NS,4288,-2.769,false,0.1864,false,114.8
TCS.NS/ADANIENT.NS,4288,-2.116,false,0.4917,false,403.3
TCS.NS/DRREDDY.NS,4288,-2.422,false,0.3285,false,173.7
TCS.NS/BAJAJFINSV.NS,4288,-2.713,false,0.2043,false,206.1
TCS.NS/BRITANNIA.NS,4288,-3.434,true,0.0410,false,174.5
TCS.NS/COALINDIA.NS,3834,-0.656,false,0.9135,false,1428.3
TCS.NS/SBILIFE.NS,2134,-3.409,true,0.0434,false,60.7
TCS.NS/HDFCLIFE.NS,2102,-2.014,false,0.5358,false,110.2
TCS.NS/APOLLOHOSP.NS,4288,-3.712,true,0.0194,false,83.2
HDFCBANK.NS/INFY.NS,4288,-2.591,false,0.2433,false,145.2
HDFCBANK.NS/HINDUNILVR.NS,4288,-3.921,true,0.0098,false,82.8
HDFCBANK.NS/ITC.NS,4288,-0.947,false,0.8686,false,629.7
HDFCBANK.NS/SBIN.NS,4288,-1.989,false,0.5464,false,266.3
HDFCBANK.NS/BAJFINANCE.NS,4288,-5.628,true,0.0022,false,24.8
HDFCBANK.NS/BAJAJ-AUTO.NS,4288,-3.412,true,0.0431,false,167.2
HDFCBANK.NS/BHARTIARTL.NS,4288,-2.422,false,0.3286,false,186.4
HDFCBANK.NS/WIPRO.NS,4288,-2.703,false,0.2077,false,162.4
HDFCBANK.NS/MARUTI.NS,4288,-1.532,false,0.7367,false,267.6
HDFCBANK.NS/HCLTECH.NS,4288,-2.208,false,0.4425,false,198.7
HDFCBANK.NS/TATASTEEL.NS,4288,-1.153,false,0.8243,false,931.3
HDFCBANK.NS/ULTRACEMCO.NS,4288,-3.493,true,0.0352,false,96.4
HDFCBANK.NS/SUNPHARMA.NS,4288,-0.450,false,0.9328,false,1847.7
HDFCBANK.NS/ASIANPAINT.NS,4288,-3.799,true,0.0151,false,72.9
HDFCBANK.NS/NESTLEIND.NS,4288,-3.413,true,0.0429,false,200.0
HDFCBANK.NS/POWERGRID.NS,4288,-3.257,false,0.0639,false,80.1
HDFCBANK.NS/NTPC.NS,4288,-1.304,false,0.7920,false,1356.6
HDFCBANK.NS/ONGC.NS,4288,-1.455,false,0.7597,false,1177.3
HDFCBANK.NS/DIVISLAB.NS,4287,-2.929,false,0.1353,false,152.3
HDFCBANK.NS/CIPLA.NS,4288,-2.443,false,0.3174,false,174.3
HDFCBANK.NS/EICHERMOT.NS,4288,-0.844,false,0.8905,false,565.2
HDFCBANK.NS/GRASIM.NS,4288,-2.622,false,0.2334,false,151.8
HDFCBANK.NS/HEROMOTOCO.NS,4288,-2.908,false,0.1422,false,135.3
HDFCBANK.NS/HINDALCO.NS,4288,-1.384,false,0.7749,false,561.5
HDFCBANK.NS/INDUSINDBK.NS,4288,-0.286,false,0.9482,false,1071.6
HDFCBANK.NS/JSWSTEEL.NS,4288,-1.918,false,0.5760,false,246.8
HDFCBANK.NS/LT.NS,4288,-2.336,false,0.3746,false,189.0
HDFCBANK.NS/M&M.NS,4288,-2.482,false,0.2965,false,234.8
HDFCBANK.NS/TECHM.NS,4288,-2.085,false,0.5063,false,206.9
HDFCBANK.NS/TITAN.NS,4288,-2.806,false,0.1746,false,97.7
HDFCBANK.NS/UPL.NS,4288,-2.567,false,0.2517,false,185.1
HDFCBANK.NS/ADANIPORTS.NS,4288,-3.058,false,0.0969,false,87.0
HDFCBANK.NS/ADANIENT.NS,4288,-1.312,false,0.7902,false,686.9
HDFCBANK.NS/DRREDDY.NS,4288,-1.561,false,0.7244,false,427.4
HDFCBANK.NS/BAJAJFINSV.NS,4288,-4.205,true,0.0075,false,58.7
HDFCBANK.NS/BRITANNIA.NS,4288,-2.703,false,0.2077,false,131.1
HDFCBANK.NS/COALINDIA.NS,3834,-0.730,false,0.9066,false,1593.2
HDFCBANK.NS/SBILIFE.NS,2134,-3.516,true,0.0331,false,45.3
HDFCBANK.NS/HDFCLIFE.NS,2102,-2.216,false,0.4381,false,102.8
HDFCBANK.NS/APOLLOHOSP.NS,4288,-1.958,false,0.5592,false,207.7
INFY.NS/ICICIBANK.NS,4288,-3.833,true,0.0133,false,71.5
INFY.NS/HINDUNILVR.NS,4288,-2.952,false,0.1281,false,132.1
INFY.NS/ITC.NS,4288,-0.560,false,0.9225,false,1057.9
INFY.NS/SBIN.NS,4288,-2.213,false,0.4399,false,239.7
INFY.NS/BAJFINANCE.NS,4288,-2.576,false,0.2480,false,131.4
INFY.NS/BAJAJ-AUTO.NS,4288,-1.722,false,0.6576,false,269.0
INFY.NS/BHARTIARTL.NS,4288,-3.349,true,0.0491,false,126.4
INFY.NS/MARUTI.NS,4288,-1.577,false,0.7179,false,290.3
INFY.NS/HCLTECH.NS,4288,-1.419,false,0.7674,false,243.3
INFY.NS/TATASTEEL.NS,4288,-1.407,false,0.7700,false,551.8
INFY.NS/KOTAKBANK.NS,4288,-2.912,false,0.1408,false,112.6
INFY.NS/AXISBANK.NS,4288,-2.337,false,0.3737,false,155.8
INFY.NS/ULTRACEMCO.NS,4288,-1.943,false,0.5653,false,203.3
INFY.NS/SUNPHARMA.NS,4288,-0.623,false,0.9166,false,1150.2
INFY.NS/ASIANPAINT.NS,4288,-2.740,false,0.1957,false,119.6
INFY.NS/NESTLEIND.NS,4288,-3.760,true,0.0170,false,153.7
INFY.NS/POWERGRID.NS,4288,-2.825,false,0.1686,false,142.0
INFY.NS/NTPC.NS,4288,-1.372,false,0.7774,false,633.6
INFY.NS/ONGC.NS,4288,-1.934,false,0.5692,false,457.0
INFY.NS/DIVISLAB.NS,4287,-5.039,true,0.0037,false,58.6
INFY.NS/CIPLA.NS,4288,-2.558,false,0.2564,false,145.0
INFY.NS/EICHERMOT.NS,4288,-1.099,false,0.8359,false,458.9
INFY.NS/GRASIM.NS,4288,-2.098,false,0.5009,false,227.5
INFY.NS/HEROMOTOCO.NS,4288,-1.714,false,0.6609,false,227.0
INFY.NS/HINDALCO.NS,4288,-1.637,false,0.6927,false,382.4
INFY.NS/INDUSINDBK.NS,4288,-0.505,false,0.9276,false,1130.7
INFY.NS/JSWSTEEL.NS,4288,-2.331,false,0.3769,false,172.7
INFY.NS/LT.NS,4288,-2.441,false,0.3186,false,173.8
INFY.NS/M&M.NS,4288,-1.399,false,0.7717,false,358.7
INFY.NS/TECHM.NS,4288,-1.839,false,0.6086,false,175.0
INFY.NS/TITAN.NS,4288,-2.603,false,0.2396,false,137.5
INFY.NS/UPL.NS,4288,-2.488,false,0.2934,false,179.4
INFY.NS/ADANIPORTS.NS,4288,-2.979,false,0.1196,false,100.1
INFY.NS/ADANIENT.NS,4288,-2.608,false,0.2380,false,192.2
INFY.NS/DRREDDY.NS,4288,-1.756,false,0.6435,false,252.3
INFY.NS/BAJAJFINSV.NS,4288,-2.474,false,0.3010,false,161.7
INFY.NS/BRITANNIA.NS,4288,-2.666,false,0.2194,false,147.8
INFY.NS/COALINDIA.NS,3834,-0.231,false,0.9533,false,2894.0
INFY.NS/SBILIFE.NS,2134,-2.989,false,0.1163,false,70.7
INFY.NS/HDFCLIFE.NS,2102,-1.874,false,0.5941,false,131.3
INFY.NS/APOLLOHOSP.NS,4288,-2.671,false,0.2177,false,147.6
ICICIBANK.NS/HINDUNILVR.NS,4288,-3.488,true,0.0358,false,92.9
ICICIBANK.NS/ITC.NS,4288,-1.565,false,0.7230,false,314.3
ICICIBANK.NS/BAJFINANCE.NS,4288,-3.328,false,0.0521,false,82.1
ICICIBANK.NS/BAJAJ-AUTO.NS,4288,-2.887,false,0.1488,false,127.5
ICICIBANK.NS/BHARTIARTL.NS,4288,-2.918,false,0.1390,false,132.0
ICICIBANK.NS/WIPRO.NS,4288,-4.069,true,0.0086,false,66.1
ICICIBANK.NS/MARUTI.NS,4288,-2.205,false,0.4442,false,169.7
ICICIBANK.NS/HCLTECH.NS,4288,-3.335,false,0.0509,false,96.5
ICICIBANK.NS/TATASTEEL.NS,4288,-1.524,false,0.7400,false,462.7
ICICIBANK.NS/KOTAKBANK.NS,4288,-3.308,false,0.0553,false,80.6
ICICIBANK.NS/ULTRACEMCO.NS,4288,-3.007,false,0.1104,false,117.6
ICICIBANK.NS/SUNPHARMA.NS,4288,-1.309,false,0.7910,false,429.4
ICICIBANK.NS/ASIANPAINT.NS,4288,-3.384,true,0.0457,false,79.5
ICICIBANK.NS/NESTLEIND.NS,4288,-3.423,true,0.0421,false,148.5
ICICIBANK.NS/POWERGRID.NS,4288,-3.020,false,0.1062,false,114.6
ICICIBANK.NS/NTPC.NS,4288,-1.627,false,0.6970,false,458.8
ICICIBANK.NS/ONGC.NS,4288,-1.441,false,0.7626,false,536.0
ICICIBANK.NS/DIVISLAB.NS,4287,-3.780,true,0.0160,false,86.8
ICICIBANK.NS/CIPLA.NS,4288,-2.758,false,0.1901,false,130.9
ICICIBANK.NS/EICHERMOT.NS,4288,-2.010,false,0.5374,false,189.9
ICICIBANK.NS/GRASIM.NS,4288,-2.452,false,0.3125,false,170.5
ICICIBANK.NS/HEROMOTOCO.NS,4288,-2.391,false,0.3452,false,163.9
ICICIBANK.NS/HINDALCO.NS,4288,-1.880,false,0.5918,false,291.7
ICICIBANK.NS/INDUSINDBK.NS,4288,-1.243,false,0.8051,false,373.9
ICICIBANK.NS/JSWSTEEL.NS,4288,-2.518,false,0.2776,false,156.1
ICICIBANK.NS/LT.NS,4288,-3.017,false,0.1072,false,105.9
ICICIBANK.NS/M&M.NS,4288,-2.124,false,0.4873,false,210.2
ICICIBANK.NS/TECHM.NS,4288,-3.464,true,0.0381,false,81.8
ICICIBANK.NS/TITAN.NS,4288,-3.417,true,0.0426,false,73.7
ICICIBANK.NS/UPL.NS,4288,-2.590,false,0.2435,false,136.3
ICICIBANK.NS/ADANIPORTS.NS,4288,-3.931,true,0.0097,false,64.3
ICICIBANK.NS/ADANIENT.NS,4288,-2.427,false,0.3261,false,194.3
ICICIBANK.NS/DRREDDY.NS,4288,-2.564,false,0.2530,false,166.8
ICICIBANK.NS/BAJAJFINSV.NS,4288,-3.356,true,0.0484,false,98.0
ICICIBANK.NS/BRITANNIA.NS,4288,-2.894,false,0.1467,false,118.7
ICICIBANK.NS/COALINDIA.NS,3834,-0.749,false,0.9048,false,790.7
ICICIBANK.NS/SBILIFE.NS,2134,-3.670,true,0.0215,false,41.5
ICICIBANK.NS/HDFCLIFE.NS,2102,-1.157,false,0.8234,false,232.0
ICICIBANK.NS/APOLLOHOSP.NS,4288,-2.747,false,0.1936,false,117.0
HINDUNILVR.NS/ITC.NS,4288,-1.009,false,0.8552,false,543.9
HINDUNILVR.NS/SBIN.NS,4288,-1.724,false,0.6568,false,397.8
HINDUNILVR.NS/BAJFINANCE.NS,4288,-3.489,true,0.0356,false,122.0
HINDUNILVR.NS/BAJAJ-AUTO.NS,4288,-3.646,true,0.0227,false,198.1
HINDUNILVR.NS/BHARTIARTL.NS,4288,-2.379,false,0.3519,false,170.7
HINDUNILVR.NS/WIPRO.NS,4288,-2.578,false,0.2475,false,208.4
HINDUNILVR.NS/MARUTI.NS,4288,-1.763,false,0.6403,false,326.9
HINDUNILVR.NS/HCLTECH.NS,4288,-3.055,false,0.0974,false,199.8
HINDUNILVR.NS/TATASTEEL.NS,4288,-0.724,false,0.9071,false,1637.5
HINDUNILVR.NS/KOTAKBANK.NS,4288,-4.164,true,0.0078,false,82.3
HINDUNILVR.NS/AXISBANK.NS,4288,-2.514,false,0.2795,false,203.7
HINDUNILVR.NS/ULTRACEMCO.NS,4288,-3.396,true,0.0446,false,128.0
HINDUNILVR.NS/SUNPHARMA.NS,4288,-0.552,false,0.9233,false,1792.9
HINDUNILVR.NS/ASIANPAINT.NS,4288,-3.254,false,0.0644,false,126.1
HINDUNILVR.NS/NESTLEIND.NS,4288,-3.182,false,0.0763,false,176.5
HINDUNILVR.NS/POWERGRID.NS,4288,-2.734,false,0.1976,false,112.4
HINDUNILVR.NS/NTPC.NS,4288,-0.689,false,0.9104,false,2039.7
HINDUNILVR.NS/ONGC.NS,4288,-1.162,false,0.8225,false,1306.4
HINDUNILVR.NS/DIVISLAB.NS,4287,-2.548,false,0.2618,false,151.6
HINDUNILVR.NS/CIPLA.NS,4288,-2.409,false,0.3356,false,193.4
HINDUNILVR.NS/EICHERMOT.NS,4288,-1.295,false,0.7939,false,539.9
HINDUNILVR.NS/GRASIM.NS,4288,-2.372,false,0.3555,false,202.7
HINDUNILVR.NS/HEROMOTOCO.NS,4288,-2.649,false,0.2248,false,187.4
HINDUNILVR.NS/HINDALCO.NS,4288,-1.085,false,0.8389,false,850.5
HINDUNILVR.NS/INDUSINDBK.NS,4288,-1.431,false,0.7649,false,635.0
HINDUNILVR.NS/JSWSTEEL.NS,4288,-1.908,false,0.5798,false,317.1
HINDUNILVR.NS/LT.NS,4288,-2.333,false,0.3761,false,240.5
HINDUNILVR.NS/M&M.NS,4288,-2.540,false,0.2658,false,259.2
HINDUNILVR.NS/TECHM.NS,4288,-2.621,false,0.2336,false,185.5
HINDUNILVR.NS/TITAN.NS,4288,-2.888,false,0.1486,false,143.4
HINDUNILVR.NS/UPL.NS,4288,-1.891,false,0.5873,false,285.8
HINDUNILVR.NS/ADANIPORTS.NS,4288,-2.620,false,0.2339,false,133.1
HINDUNILVR.NS/ADANIENT.NS,4288,-1.154,false,0.8242,false,912.4
HINDUNILVR.NS/DRREDDY.NS,4288,-1.822,false,0.6160,false,406.6
HINDUNILVR.NS/BAJAJFINSV.NS,4288,-2.807,false,0.1744,false,141.1
HINDUNILVR.NS/BRITANNIA.NS,4288,-2.288,false,0.3997,false,190.2
HINDUNILVR.NS/COALINDIA.NS,3834,-1.088,false,0.8383,false,1000.6
HINDUNILVR.NS/SBILIFE.NS,2134,-3.662,true,0.0219,false,54.8
HINDUNILVR.NS/HDFCLIFE.NS,2102,-2.478,false,0.2991,false,97.8
HINDUNILVR.NS/APOLLOHOSP.NS,4288,-2.220,false,0.4361,false,217.9
ITC.NS/SBIN.NS,4288,-2.300,false,0.3937,false,248.4
ITC.NS/BAJFINANCE.NS,4288,-1.874,false,0.5942,false,288.3
ITC.NS/BAJAJ-AUTO.NS,4288,-3.282,false,0.0596,false,108.9
ITC.NS/BHARTIARTL.NS,4288,-2.682,false,0.2143,false,324.5
ITC.NS/WIPRO.NS,4288,-1.514,false,0.7441,false,337.9
ITC.NS/MARUTI.NS,4288,-1.975,false,0.5519,false,319.2
ITC.NS/HCLTECH.NS,4288,-2.081,false,0.5081,false,204.3
ITC.NS/TATASTEEL.NS,4288,-2.018,false,0.5341,false,502.7
ITC.NS/KOTAKBANK.NS,4288,-1.987,false,0.5469,false,266.2
ITC.NS/AXISBANK.NS,4288,-2.327,false,0.3794,false,195.1
ITC.NS/ULTRACEMCO.NS,4288,-1.942,false,0.5659,false,167.6
ITC.NS/SUNPHARMA.NS,4288,-2.472,false,0.3022,false,181.7
ITC.NS/ASIANPAINT.NS,4288,-1.998,false,0.5427,false,234.2
ITC.NS/NESTLEIND.NS,4288,-3.256,false,0.0639,false,277.3
ITC.NS/POWERGRID.NS,4288,-2.170,false,0.4625,false,259.5
ITC.NS/NTPC.NS,4288,-2.586,false,0.2449,false,340.7
ITC.NS/ONGC.NS,4288,-1.928,false,0.5719,false,518.5
ITC.NS/DIVISLAB.NS,4287,-2.286,false,0.4012,false,287.5
ITC.NS/CIPLA.NS,4288,-2.189,false,0.4526,false,201.8
ITC.NS/EICHERMOT.NS,4288,-2.959,false,0.1260,false,126.3
ITC.NS/GRASIM.NS,4288,-1.708,false,0.6635,false,284.7
ITC.NS/HEROMOTOCO.NS,4288,-2.573,false,0.2491,false,147.5
ITC.NS/HINDALCO.NS,4288,-1.707,false,0.6638,false,472.6
ITC.NS/INDUSINDBK.NS,4288,-3.353,true,0.0487,false,90.1
ITC.NS/JSWSTEEL.NS,4288,-1.524,false,0.7400,false,461.7
ITC.NS/LT.NS,4288,-2.123,false,0.4878,false,280.0
ITC.NS/M&M.NS,4288,-3.752,true,0.0174,false,83.7
ITC.NS/TECHM.NS,4288,-1.860,false,0.5999,false,280.6
ITC.NS/TITAN.NS,4288,-1.937,false,0.5677,false,265.1
ITC.NS/UPL.NS,4288,-2.477,false,0.2994,false,262.1
ITC.NS/ADANIPORTS.NS,4288,-1.815,false,0.6188,false,263.5
ITC.NS/ADANIENT.NS,4288,-2.091,false,0.5039,false,484.7
ITC.NS/DRREDDY.NS,4288,-1.906,false,0.5810,false,264.4
ITC.NS/BAJAJFINSV.NS,4288,-1.951,false,0.5620,false,309.2
ITC.NS/BRITANNIA.NS,4288,-2.453,false,0.3121,false,248.3
ITC.NS/COALINDIA.NS,3834,-2.237,false,0.4269,false,281.3
ITC.NS/SBILIFE.NS,2134,-0.621,false,0.9168,false,661.2
ITC.NS/HDFCLIFE.NS,2102,-0.026,false,0.9726,false,20375.4
ITC.NS/APOLLOHOSP.NS,4288,-2.268,false,0.4105,false,161.6
SBIN.NS/BAJFINANCE.NS,4288,-3.095,false,0.0909,false,108.4
SBIN.NS/BAJAJ-AUTO.NS,4288,-3.009,false,0.1098,false,109.2
SBIN.NS/BHARTIARTL.NS,4288,-2.918,false,0.1390,false,152.2
SBIN.NS/WIPRO.NS,4288,-3.573,true,0.0276,false,94.3
SBIN.NS/MARUTI.NS,4288,-3.174,false,0.0777,false,113.5
SBIN.NS/HCLTECH.NS,4288,-3.148,false,0.0820,false,118.3
SBIN.NS/TATASTEEL.NS,4288,-2.854,false,0.1593,false,130.8
SBIN.NS/KOTAKBANK.NS,4288,-3.191,false,0.0749,false,114.7
SBIN.NS/AXISBANK.NS,4288,-3.322,false,0.0530,false,91.0
SBIN.NS/ULTRACEMCO.NS,4288,-3.142,false,0.0830,false,117.6
SBIN.NS/SUNPHARMA.NS,4288,-2.664,false,0.2201,false,159.5
SBIN.NS/ASIANPAINT.NS,4288,-3.033,false,0.1022,false,113.2
SBIN.NS/NESTLEIND.NS,4288,-2.887,false,0.1489,false,148.8
SBIN.NS/POWERGRID.NS,4288,-3.192,false,0.0747,false,107.8
SBIN.NS/NTPC.NS,4288,-2.681,false,0.2144,false,162.2
SBIN.NS/ONGC.NS,4288,-1.998,false,0.5427,false,217.3
SBIN.NS/DIVISLAB.NS,4287,-3.107,false,0.0888,false,129.1
SBIN.NS/CIPLA.NS,4288,-3.136,false,0.0840,false,121.0
SBIN.NS/EICHERMOT.NS,4288,-3.091,false,0.0915,false,117.4
SBIN.NS/GRASIM.NS,4288,-3.288,false,0.0587,false,111.3
SBIN.NS/HEROMOTOCO.NS,4288,-3.197,false,0.0738,false,111.7
SBIN.NS/HINDALCO.NS,4288,-3.442,true,0.0402,false,88.5
SBIN.NS/INDUSINDBK.NS,4288,-2.945,false,0.1303,false,106.3
SBIN.NS/JSWSTEEL.NS,4288,-3.334,false,0.0509,false,104.6
SBIN.NS/LT.NS,4288,-3.817,true,0.0141,false,70.2
SBIN.NS/M&M.NS,4288,-3.181,false,0.0766,false,112.4
SBIN.NS/TECHM.NS,4288,-3.151,false,0.0816,false,117.7
SBIN.NS/TITAN.NS,4288,-3.114,false,0.0876,false,107.9
SBIN.NS/UPL.NS,4288,-3.211,false,0.0716,false,106.2
SBIN.NS/ADANIPORTS.NS,4288,-3.516,true,0.0331,false,85.9
SBIN.NS/ADANIENT.NS,4288,-3.055,false,0.0975,false,123.3
SBIN.NS/DRREDDY.NS,4288,-2.903,false,0.1438,false,136.4
SBIN.NS/BAJAJFINSV.NS,4288,-3.319,false,0.0536,false,107.5
SBIN.NS/BRITANNIA.NS,4288,-3.164,false,0.0794,false,119.5
SBIN.NS/COALINDIA.NS,3834,-1.636,false,0.6935,false,254.0
SBIN.NS/SBILIFE.NS,2134,-2.080,false,0.5083,false,119.5
SBIN.NS/HDFCLIFE.NS,2102,-1.019,false,0.8530,false,426.4
SBIN.NS/APOLLOHOSP.NS,4288,-2.941,false,0.1316,false,124.2
BAJFINANCE.NS/BAJAJ-AUTO.NS,4288,-3.300,false,0.0567,false,174.9
BAJFINANCE.NS/BHARTIARTL.NS,4288,-2.554,false,0.2583,false,180.2
BAJFINANCE.NS/WIPRO.NS,4288,-2.558,false,0.2565,false,170.3
BAJFINANCE.NS/MARUTI.NS,4288,-1.867,false,0.5973,false,270.9
BAJFINANCE.NS/HCLTECH.NS,4288,-1.966,false,0.5557,false,225.2
BAJFINANCE.NS/TATASTEEL.NS,4288,-1.300,false,0.7928,false,850.1
BAJFINANCE.NS/KOTAKBANK.NS,4288,-5.578,true,0.0024,false,34.3
BAJFINANCE.NS/AXISBANK.NS,4288,-2.972,false,0.1218,false,116.3
BAJFINANCE.NS/ULTRACEMCO.NS,4288,-2.878,false,0.1517,false,113.5
BAJFINANCE.NS/SUNPHARMA.NS,4288,-0.613,false,0.9176,false,1705.2
BAJFINANCE.NS/ASIANPAINT.NS,4288,-3.597,true,0.0253,false,80.6
BAJFINANCE.NS/NESTLEIND.NS,4288,-3.618,true,0.0241,false,208.9
BAJFINANCE.NS/POWERGRID.NS,4288,-3.046,false,0.0991,false,79.2
BAJFINANCE.NS/NTPC.NS,4288,-2.013,false,0.5361,false,1264.8
BAJFINANCE.NS/ONGC.NS,4288,-2.319,false,0.3833,false,1039.7
BAJFINANCE.NS/DIVISLAB.NS,4287,-3.068,false,0.0954,false,162.9
BAJFINANCE.NS/CIPLA.NS,4288,-2.420,false,0.3297,false,177.8
BAJFINANCE.NS/EICHERMOT.NS,4288,-0.769,false,0.9029,false,968.9
BAJFINANCE.NS/GRASIM.NS,4288,-2.462,false,0.3075,false,166.6
BAJFINANCE.NS/HEROMOTOCO.NS,4288,-2.963,false,0.1245,false,127.5
BAJFINANCE.NS/HINDALCO.NS,4288,-1.469,false,0.7566,false,523.3
BAJFINANCE.NS/INDUSINDBK.NS,4288,-0.707,false,0.9087,false,742.7
BAJFINANCE.NS/JSWSTEEL.NS,4288,-2.106,false,0.4968,false,234.9
BAJFINANCE.NS/LT.NS,4288,-2.479,false,0.2983,false,164.9
BAJFINANCE.NS/M&M.NS,4288,-2.459,false,0.3089,false,225.1
BAJFINANCE.NS/TECHM.NS,4288,-1.838,false,0.6091,false,246.2
BAJFINANCE.NS/TITAN.NS,4288,-2.503,false,0.2857,false,146.9
BAJFINANCE.NS/UPL.NS,4288,-2.927,false,0.1362,false,161.2
BAJFINANCE.NS/ADANIPORTS.NS,4288,-2.832,false,0.1664,false,96.0
BAJFINANCE.NS/ADANIENT.NS,4288,-1.302,false,0.7925,false,751.6
BAJFINANCE.NS/DRREDDY.NS,4288,-1.636,false,0.6933,false,441.6
BAJFINANCE.NS/BAJAJFINSV.NS,4288,-3.436,true,0.0407,false,96.9
BAJFINANCE.NS/BRITANNIA.NS,4288,-3.325,false,0.0525,false,145.6
BAJFINANCE.NS/COALINDIA.NS,3834,-0.346,false,0.9426,false,4527.7
BAJFINANCE.NS/SBILIFE.NS,2134,-3.292,false,0.0581,false,53.0
BAJFINANCE.NS/HDFCLIFE.NS,2102,-1.973,false,0.5528,false,132.5
BAJFINANCE.NS/APOLLOHOSP.NS,4288,-1.888,false,0.5884,false,231.0
BAJAJ-AUTO.NS/BHARTIARTL.NS,4288,-4.461,true,0.0053,false,154.0
BAJAJ-AUTO.NS/WIPRO.NS,4288,-2.962,false,0.1249,false,120.1
BAJAJ-AUTO.NS/MARUTI.NS,4288,-3.988,true,0.0093,false,187.4
BAJAJ-AUTO.NS/HCLTECH.NS,4288,-4.407,true,0.0058,false,90.1
BAJAJ-AUTO.NS/TATASTEEL.NS,4288,-3.380,true,0.0462,false,280.0
BAJAJ-AUTO.NS/KOTAKBANK.NS,4288,-4.945,true,0.0039,false,104.2
BAJAJ-AUTO.NS/AXISBANK.NS,4288,-4.109,true,0.0083,false,101.1
BAJAJ-AUTO.NS/ULTRACEMCO.NS,4288,-3.990,true,0.0093,false,95.6
BAJAJ-AUTO.NS/SUNPHARMA.NS,4288,-3.200,false,0.0734,false,187.2
BAJAJ-AUTO.NS/ASIANPAINT.NS,4288,-5.298,true,0.0030,false,80.4
BAJAJ-AUTO.NS/NESTLEIND.NS,4288,-5.869,true,0.0016,false,177.1
BAJAJ-AUTO.NS/POWERGRID.NS,4288,-3.996,true,0.0092,false,135.6
BAJAJ-AUTO.NS/NTPC.NS,4288,-4.265,true,0.0070,false,231.7
BAJAJ-AUTO.NS/ONGC.NS,4288,-3.952,true,0.0096,false,323.5
BAJAJ-AUTO.NS/DIVISLAB.NS,4287,-5.847,true,0.0017,false,109.0
BAJAJ-AUTO.NS/CIPLA.NS,4288,-3.504,true,0.0342,false,108.1
BAJAJ-AUTO.NS/EICHERMOT.NS,4288,-5.014,true,0.0037,false,96.5
BAJAJ-AUTO.NS/GRASIM.NS,4288,-3.293,false,0.0578,false,170.1
BAJAJ-AUTO.NS/HEROMOTOCO.NS,4288,-2.884,false,0.1497,false,123.2
BAJAJ-AUTO.NS/HINDALCO.NS,4288,-2.927,false,0.1362,false,241.6
BAJAJ-AUTO.NS/INDUSINDBK.NS,4288,-3.501,true,0.0345,false,119.5
BAJAJ-AUTO.NS/JSWSTEEL.NS,4288,-3.004,false,0.1114,false,212.7
BAJAJ-AUTO.NS/LT.NS,4288,-2.862,false,0.1568,false,154.5
BAJAJ-AUTO.NS/TECHM.NS,4288,-3.330,false,0.0517,false,161.7
BAJAJ-AUTO.NS/TITAN.NS,4288,-4.937,true,0.0039,false,92.0
BAJAJ-AUTO.NS/UPL.NS,4288,-5.068,true,0.0036,false,141.9
BAJAJ-AUTO.NS/ADANIPORTS.NS,4288,-3.839,true,0.0131,false,119.0
BAJAJ-AUTO.NS/ADANIENT.NS,4288,-3.924,true,0.0098,false,247.8
BAJAJ-AUTO.NS/DRREDDY.NS,4288,-3.304,false,0.0560,false,118.1
BAJAJ-AUTO.NS/BAJAJFINSV.NS,4288,-4.650,true,0.0046,false,139.0
BAJAJ-AUTO.NS/BRITANNIA.NS,4288,-5.461,true,0.0026,false,127.4
BAJAJ-AUTO.NS/COALINDIA.NS,3834,-1.148,false,0.8254,false,626.4
BAJAJ-AUTO.NS/SBILIFE.NS,2134,-2.669,false,0.2184,false,64.1
BAJAJ-AUTO.NS/HDFCLIFE.NS,2102,-1.367,false,0.7784,false,185.4
BAJAJ-AUTO.NS/APOLLOHOSP.NS,4288,-5.236,true,0.0032,false,61.9
BHARTIARTL.NS/WIPRO.NS,4288,-3.423,true,0.0421,false,91.3
BHARTIARTL.NS/MARUTI.NS,4288,-3.208,false,0.0720,false,94.3
BHARTIARTL.NS/HCLTECH.NS,4288,-3.227,false,0.0688,false,96.0
BHARTIARTL.NS/TATASTEEL.NS,4288,-2.701,false,0.2083,false,130.7
BHARTIARTL.NS/KOTAKBANK.NS,4288,-3.402,true,0.0440,false,86.9
BHARTIARTL.NS/AXISBANK.NS,4288,-2.947,false,0.1295,false,111.0
BHARTIARTL.NS/ULTRACEMCO.NS,4288,-2.771,false,0.1858,false,101.6
BHARTIARTL.NS/SUNPHARMA.NS,4288,-2.510,false,0.2818,false,140.6
BHARTIARTL.NS/ASIANPAINT.NS,4288,-3.367,true,0.0474,false,88.8
BHARTIARTL.NS/NESTLEIND.NS,4288,-4.193,true,0.0076,false,58.7
BHARTIARTL.NS/POWERGRID.NS,4288,-3.383,true,0.0458,false,87.9
BHARTIARTL.NS/NTPC.NS,4288,-2.467,false,0.3048,false,142.8
BHARTIARTL.NS/ONGC.NS,4288,-3.184,false,0.0761,false,94.5
BHARTIARTL.NS/DIVISLAB.NS,4287,-3.572,true,0.0277,false,79.4
BHARTIARTL.NS/CIPLA.NS,4288,-3.167,false,0.0789,false,99.8
BHARTIARTL.NS/EICHERMOT.NS,4288,-2.925,false,0.1366,false,109.7
BHARTIARTL.NS/GRASIM.NS,4288,-2.773,false,0.1852,false,103.3
BHARTIARTL.NS/HEROMOTOCO.NS,4288,-3.041,false,0.0999,false,107.6
BHARTIARTL.NS/HINDALCO.NS,4288,-2.863,false,0.1565,false,120.1
BHARTIARTL.NS/INDUSINDBK.NS,4288,-2.607,false,0.2382,false,132.6
BHARTIARTL.NS/JSWSTEEL.NS,4288,-3.226,false,0.0690,false,97.8
BHARTIARTL.NS/LT.NS,4288,-3.050,false,0.0983,false,106.6
BHARTIARTL.NS/M&M.NS,4288,-2.375,false,0.3539,false,126.8
BHARTIARTL.NS/TECHM.NS,4288,-3.251,false,0.0648,false,94.9
BHARTIARTL.NS/TITAN.NS,4288,-3.416,true,0.0427,false,86.5
BHARTIARTL.NS/UPL.NS,4288,-3.207,false,0.0722,false,93.6
BHARTIARTL.NS/ADANIPORTS.NS,4288,-3.177,false,0.0771,false,80.0
BHARTIARTL.NS/ADANIENT.NS,4288,-4.088,true,0.0084,false,64.0
BHARTIARTL.NS/DRREDDY.NS,4288,-3.093,false,0.0912,false,103.8
BHARTIARTL.NS/BAJAJFINSV.NS,4288,-3.421,true,0.0422,false,85.5
BHARTIARTL.NS/BRITANNIA.NS,4288,-3.399,true,0.0443,false,84.5
BHARTIARTL.NS/COALINDIA.NS,3834,-2.020,false,0.5333,false,155.4
BHARTIARTL.NS/SBILIFE.NS,2134,-3.589,true,0.0261,false,40.2
BHARTIARTL.NS/HDFCLIFE.NS,2102,-1.816,false,0.6183,false,152.3
BHARTIARTL.NS/APOLLOHOSP.NS,4288,-3.181,false,0.0765,false,99.0
WIPRO.NS/MARUTI.NS,4288,-2.594,false,0.2422,false,179.9
WIPRO.NS/HCLTECH.NS,4288,-3.234,false,0.0677,false,107.1
WIPRO.NS/TATASTEEL.NS,4288,-2.399,false,0.3411,false,255.9
WIPRO.NS/KOTAKBANK.NS,4288,-3.530,true,0.0317,false,106.4
WIPRO.NS/AXISBANK.NS,4288,-3.445,true,0.0399,false,94.1
WIPRO.NS/ULTRACEMCO.NS,4288,-2.885,false,0.1496,false,133.8
WIPRO.NS/SUNPHARMA.NS,4288,-1.851,false,0.6036,false,296.2
WIPRO.NS/ASIANPAINT.NS,4288,-3.424,true,0.0420,false,104.3
WIPRO.NS/NESTLEIND.NS,4288,-3.950,true,0.0096,false,166.9
WIPRO.NS/POWERGRID.NS,4288,-3.255,false,0.0641,false,142.5
WIPRO.NS/NTPC.NS,4288,-2.558,false,0.2565,false,281.4
WIPRO.NS/ONGC.NS,4288,-2.233,false,0.4292,false,364.3
WIPRO.NS/DIVISLAB.NS,4287,-4.598,true,0.0048,false,88.8
WIPRO.NS/CIPLA.NS,4288,-3.349,true,0.0491,false,101.4
WIPRO.NS/EICHERMOT.NS,4288,-2.534,false,0.2691,false,167.9
WIPRO.NS/GRASIM.NS,4288,-2.772,false,0.1854,false,160.6
WIPRO.NS/HEROMOTOCO.NS,4288,-2.682,false,0.2144,false,134.5
WIPRO.NS/HINDALCO.NS,4288,-2.549,false,0.2612,false,198.0
WIPRO.NS/INDUSINDBK.NS,4288,-1.808,false,0.6218,false,240.9
WIPRO.NS/JSWSTEEL.NS,4288,-2.921,false,0.1381,false,136.6
WIPRO.NS/LT.NS,4288,-3.278,false,0.0604,false,105.6
WIPRO.NS/M&M.NS,4288,-2.321,false,0.3822,false,154.7
WIPRO.NS/TECHM.NS,4288,-2.941,false,0.1316,false,103.7
WIPRO.NS/TITAN.NS,4288,-3.389,true,0.0453,false,110.2
WIPRO.NS/UPL.NS,4288,-3.410,true,0.0433,false,138.3
WIPRO.NS/ADANIPORTS.NS,4288,-3.951,true,0.0096,false,83.7
WIPRO.NS/ADANIENT.NS,4288,-3.322,false,0.0530,false,151.0
WIPRO.NS/DRREDDY.NS,4288,-2.811,false,0.1732,false,121.8
WIPRO.NS/BAJAJFINSV.NS,4288,-3.127,false,0.0855,false,143.6
WIPRO.NS/BRITANNIA.NS,4288,-3.399,true,0.0443,false,134.6
WIPRO.NS/COALINDIA.NS,3834,0.283,false,0.9750,false,
WIPRO.NS/SBILIFE.NS,2134,-1.823,false,0.6154,false,154.9
WIPRO.NS/HDFCLIFE.NS,2102,-1.876,false,0.5932,false,141.2
WIPRO.NS/APOLLOHOSP.NS,4288,-3.704,true,0.0198,false,94.9
MARUTI.NS/HCLTECH.NS,4288,-1.779,false,0.6339,false,322.9
MARUTI.NS/TATASTEEL.NS,4288,-1.357,false,0.7806,false,725.0
MARUTI.NS/KOTAKBANK.NS,4288,-2.384,false,0.3488,false,171.9
MARUTI.NS/AXISBANK.NS,4288,-2.757,false,0.1904,false,137.9
MARUTI.NS/ULTRACEMCO.NS,4288,-1.999,false,0.5422,false,231.1
MARUTI.NS/SUNPHARMA.NS,4288,-1.015,false,0.8539,false,939.3
MARUTI.NS/ASIANPAINT.NS,4288,-1.660,false,0.6833,false,355.8
MARUTI.NS/NESTLEIND.NS,4288,-3.444,true,0.0400,false,197.1
MARUTI.NS/POWERGRID.NS,4288,-4.481,true,0.0052,false,50.1
MARUTI.NS/NTPC.NS,4288,-1.880,false,0.5918,false,803.7
MARUTI.NS/ONGC.NS,4288,-1.772,false,0.6369,false,919.5
MARUTI.NS/DIVISLAB.NS,4287,-1.995,false,0.5438,false,320.5
MARUTI.NS/CIPLA.NS,4288,-2.469,false,0.3038,false,167.4
MARUTI.NS/EICHERMOT.NS,4288,-1.640,false,0.6916,false,371.4
MARUTI.NS/GRASIM.NS,4288,-2.819,false,0.1706,false,114.4
MARUTI.NS/HEROMOTOCO.NS,4288,-3.143,false,0.0828,false,120.2
MARUTI.NS/HINDALCO.NS,4288,-1.418,false,0.7675,false,545.9
MARUTI.NS/INDUSINDBK.NS,4288,-1.426,false,0.7658,false,407.2
MARUTI.NS/JSWSTEEL.NS,4288,-2.148,false,0.4744,false,214.7
MARUTI.NS/LT.NS,4288,-2.860,false,0.1575,false,139.1
MARUTI.NS/TECHM.NS,4288,-1.957,false,0.5597,false,230.5
MARUTI.NS/TITAN.NS,4288,-1.518,false,0.7424,false,440.9
MARUTI.NS/UPL.NS,4288,-4.674,true,0.0046,false,56.7
MARUTI.NS/ADANIPORTS.NS,4288,-2.436,false,0.3214,false,82.8
MARUTI.NS/ADANIENT.NS,4288,-1.058,false,0.8448,false,912.1
MARUTI.NS/DRREDDY.NS,4288,-1.331,false,0.7861,false,594.4
MARUTI.NS/BAJAJFINSV.NS,4288,-2.354,false,0.3651,false,179.3
MARUTI.NS/BRITANNIA.NS,4288,-3.328,false,0.0520,false,113.6
MARUTI.NS/COALINDIA.NS,3834,-0.796,false,0.9004,false,1915.8
MARUTI.NS/SBILIFE.NS,2134,-2.062,false,0.5157,false,106.2
MARUTI.NS/HDFCLIFE.NS,2102,-1.763,false,0.6404,false,135.3
MARUTI.NS/APOLLOHOSP.NS,4288,-1.541,false,0.7330,false,416.0
HCLTECH.NS/TATASTEEL.NS,4288,-1.813,false,0.6195,false,729.7
HCLTECH.NS/KOTAKBANK.NS,4288,-2.831,false,0.1667,false,129.4
HCLTECH.NS/AXISBANK.NS,4288,-2.972,false,0.1218,false,119.6
HCLTECH.NS/ULTRACEMCO.NS,4288,-3.291,false,0.0582,false,85.2
HCLTECH.NS/SUNPHARMA.NS,4288,-1.360,false,0.7801,false,393.9
HCLTECH.NS/ASIANPAINT.NS,4288,-3.183,false,0.0762,false,93.5
HCLTECH.NS/NESTLEIND.NS,4288,-3.948,true,0.0096,false,231.4
HCLTECH.NS/POWERGRID.NS,4288,-2.673,false,0.2171,false,180.5
HCLTECH.NS/NTPC.NS,4288,-2.328,false,0.3785,false,478.3
HCLTECH.NS/ONGC.NS,4288,-2.097,false,0.5011,false,895.0
HCLTECH.NS/DIVISLAB.NS,4287,-3.792,true,0.0154,false,134.7
HCLTECH.NS/CIPLA.NS,4288,-3.687,true,0.0207,false,77.1
HCLTECH.NS/EICHERMOT.NS,4288,-2.316,false,0.3853,false,151.5
HCLTECH.NS/GRASIM.NS,4288,-2.226,false,0.4332,false,229.5
HCLTECH.NS/HEROMOTOCO.NS,4288,-2.676,false,0.2161,false,118.8
HCLTECH.NS/HINDALCO.NS,4288,-1.566,false,0.7225,false,552.8
HCLTECH.NS/INDUSINDBK.NS,4288,-1.105,false,0.8346,false,390.9
HCLTECH.NS/JSWSTEEL.NS,4288,-1.700,false,0.6666,false,378.3
HCLTECH.NS/LT.NS,4288,-2.409,false,0.3358,false,188.1
HCLTECH.NS/M&M.NS,4288,-3.126,false,0.0856,false,126.5
HCLTECH.NS/TECHM.NS,4288,-2.949,false,0.1290,false,120.2
HCLTECH.NS/TITAN.NS,4288,-2.206,false,0.4434,false,206.4
HCLTECH.NS/UPL.NS,4288,-2.862,false,0.1567,false,204.5
HCLTECH.NS/ADANIPORTS.NS,4288,-3.074,false,0.0943,false,102.5
HCLTECH.NS/ADANIENT.NS,4288,-2.092,false,0.5035,false,515.6
HCLTECH.NS/DRREDDY.NS,4288,-2.827,false,0.1681,false,133.2
HCLTECH.NS/BAJAJFINSV.NS,4288,-2.475,false,0.3007,false,263.6
HCLTECH.NS/BRITANNIA.NS,4288,-3.217,false,0.0704,false,181.8
HCLTECH.NS/COALINDIA.NS,3834,-0.593,false,0.9194,false,2061.2
HCLTECH.NS/SBILIFE.NS,2134,-2.764,false,0.1882,false,59.5
HCLTECH.NS/HDFCLIFE.NS,2102,-1.609,false,0.7046,false,145.6
HCLTECH.NS/APOLLOHOSP.NS,4288,-3.559,true,0.0289,false,67.0
TATASTEEL.NS/KOTAKBANK.NS,4288,-2.196,false,0.4490,false,217.8
TATASTEEL.NS/AXISBANK.NS,4288,-2.043,false,0.5238,false,238.9
TATASTEEL.NS/ULTRACEMCO.NS,4288,-2.095,false,0.5019,false,231.5
TATASTEEL.NS/SUNPHARMA.NS,4288,-2.167,false,0.4646,false,231.4
TATASTEEL.NS/ASIANPAINT.NS,4288,-2.193,false,0.4507,false,216.0
TATASTEEL.NS/NESTLEIND.NS,4288,-2.423,false,0.3281,false,204.6
TATASTEEL.NS/POWERGRID.NS,4288,-2.372,false,0.3553,false,195.0
TATASTEEL.NS/NTPC.NS,4288,-2.704,false,0.2072,false,125.0
TATASTEEL.NS/ONGC.NS,4288,-1.704,false,0.6651,false,309.0
TATASTEEL.NS/DIVISLAB.NS,4287,-2.321,false,0.3825,false,211.4
TATASTEEL.NS/CIPLA.NS,4288,-2.115,false,0.4919,false,232.4
TATASTEEL.NS/EICHERMOT.NS,4288,-2.095,false,0.5020,false,229.7
TATASTEEL.NS/GRASIM.NS,4288,-2.299,false,0.3941,false,196.2
TATASTEEL.NS/HEROMOTOCO.NS,4288,-2.102,false,0.4988,false,215.5
TATASTEEL.NS/INDUSINDBK.NS,4288,-1.918,false,0.5758,false,247.6
TATASTEEL.NS/LT.NS,4288,-2.190,false,0.4523,false,207.4
TATASTEEL.NS/M&M.NS,4288,-1.853,false,0.6027,false,260.6
TATASTEEL.NS/TECHM.NS,4288,-2.129,false,0.4843,false,224.3
TATASTEEL.NS/TITAN.NS,4288,-2.259,false,0.4154,false,203.3
TATASTEEL.NS/UPL.NS,4288,-2.294,false,0.3969,false,206.6
TATASTEEL.NS/ADANIPORTS.NS,4288,-2.321,false,0.3825,false,200.1
TATASTEEL.NS/ADANIENT.NS,4288,-2.813,false,0.1726,false,144.7
TATASTEEL.NS/DRREDDY.NS,4288,-2.047,false,0.5221,false,242.5
TATASTEEL.NS/BAJAJFINSV.NS,4288,-2.301,false,0.3933,false,199.6
TATASTEEL.NS/BRITANNIA.NS,4288,-2.269,false,0.4101,false,209.6
TATASTEEL.NS/COALINDIA.NS,3834,-0.450,false,0.9328,false,1190.3
TATASTEEL.NS/SBILIFE.NS,2134,-1.742,false,0.6492,false,172.2
TATASTEEL.NS/HDFCLIFE.NS,2102,-1.200,false,0.8143,false,350.4
TATASTEEL.NS/APOLLOHOSP.NS,4288,-2.189,false,0.4527,false,226.7
KOTAKBANK.NS/AXISBANK.NS,4288,-2.892,false,0.1472,false,121.8
KOTAKBANK.NS/ULTRACEMCO.NS,4288,-3.608,true,0.0246,false,78.9
KOTAKBANK.NS/SUNPHARMA.NS,4288,-0.777,false,0.9021,false,1085.4
KOTAKBANK.NS/ASIANPAINT.NS,4288,-4.237,true,0.0072,false,59.0
KOTAKBANK.NS/NESTLEIND.NS,4288,-3.410,true,0.0433,false,187.8
KOTAKBANK.NS/POWERGRID.NS,4288,-3.414,true,0.0428,false,81.4
KOTAKBANK.NS/NTPC.NS,4288,-1.308,false,0.7911,false,1077.9
KOTAKBANK.NS/ONGC.NS,4288,-1.407,false,0.7699,false,1020.0
KOTAKBANK.NS/DIVISLAB.NS,4287,-3.076,false,0.0940,false,137.1
KOTAKBANK.NS/CIPLA.NS,4288,-2.664,false,0.2201,false,147.7
KOTAKBANK.NS/EICHERMOT.NS,4288,-1.588,false,0.7131,false,308.7
KOTAKBANK.NS/GRASIM.NS,4288,-2.650,false,0.2245,false,148.5
KOTAKBANK.NS/HEROMOTOCO.NS,4288,-3.089,false,0.0919,false,120.8
KOTAKBANK.NS/HINDALCO.NS,4288,-1.359,false,0.7802,false,587.0
KOTAKBANK.NS/INDUSINDBK.NS,4288,-0.775,false,0.9023,false,651.4
KOTAKBANK.NS/JSWSTEEL.NS,4288,-2.014,false,0.5358,false,261.8
KOTAKBANK.NS/LT.NS,4288,-2.450,false,0.3140,false,173.4
KOTAKBANK.NS/M&M.NS,4288,-2.389,false,0.3465,false,204.4
KOTAKBANK.NS/TECHM.NS,4288,-2.545,false,0.2632,false,139.3
KOTAKBANK.NS/TITAN.NS,4288,-2.881,false,0.1506,false,125.5
KOTAKBANK.NS/UPL.NS,4288,-2.824,false,0.1688,false,150.3
KOTAKBANK.NS/ADANIPORTS.NS,4288,-3.110,false,0.0884,false,81.2
KOTAKBANK.NS/ADANIENT.NS,4288,-1.305,false,0.7917,false,668.4
KOTAKBANK.NS/DRREDDY.NS,4288,-1.812,false,0.6200,false,331.3
KOTAKBANK.NS/BAJAJFINSV.NS,4288,-3.740,true,0.0180,false,75.5
KOTAKBANK.NS/BRITANNIA.NS,4288,-3.552,true,0.0296,false,92.3
KOTAKBANK.NS/COALINDIA.NS,3834,-0.774,false,0.9024,false,1489.6
KOTAKBANK.NS/SBILIFE.NS,2134,-3.634,true,0.0233,false,44.1
KOTAKBANK.NS/HDFCLIFE.NS,2102,-2.944,false,0.1306,false,59.5
KOTAKBANK.NS/APOLLOHOSP.NS,4288,-2.420,false,0.3301,false,175.5
AXISBANK.NS/ULTRACEMCO.NS,4288,-3.157,false,0.0804,false,104.1
AXISBANK.NS/SUNPHARMA.NS,4288,-1.795,false,0.6271,false,306.3
AXISBANK.NS/ASIANPAINT.NS,4288,-3.166,false,0.0789,false,104.8
AXISBANK.NS/NESTLEIND.NS,4288,-3.084,false,0.0926,false,206.6
AXISBANK.NS/POWERGRID.NS,4288,-3.213,false,0.0712,false,108.9
AXISBANK.NS/NTPC.NS,4288,-1.981,false,0.5495,false,442.3
AXISBANK.NS/ONGC.NS,4288,-1.520,false,0.7417,false,574.9
AXISBANK.NS/DIVISLAB.NS,4287,-2.973,false,0.1214,false,147.6
AXISBANK.NS/CIPLA.NS,4288,-3.056,false,0.0974,false,111.5
AXISBANK.NS/EICHERMOT.NS,4288,-3.046,false,0.0989,false,109.9
AXISBANK.NS/GRASIM.NS,4288,-2.498,false,0.2885,false,160.4
AXISBANK.NS/HEROMOTOCO.NS,4288,-3.301,false,0.0565,false,98.8
AXISBANK.NS/HINDALCO.NS,4288,-1.802,false,0.6240,false,342.8
AXISBANK.NS/INDUSINDBK.NS,4288,-2.601,false,0.2401,false,136.8
AXISBANK.NS/JSWSTEEL.NS,4288,-2.302,false,0.3925,false,194.8
AXISBANK.NS/LT.NS,4288,-3.936,true,0.0097,false,67.1
AXISBANK.NS/M&M.NS,4288,-3.367,true,0.0474,false,110.8
AXISBANK.NS/TECHM.NS,4288,-3.120,false,0.0867,false,106.9
AXISBANK.NS/TITAN.NS,4288,-2.726,false,0.2002,false,143.6
AXISBANK.NS/UPL.NS,4288,-3.799,true,0.0150,false,86.2
AXISBANK.NS/ADANIPORTS.NS,4288,-3.849,true,0.0125,false,59.9
AXISBANK.NS/ADANIENT.NS,4288,-1.782,false,0.6323,false,363.6
AXISBANK.NS/DRREDDY.NS,4288,-2.578,false,0.2475,false,181.7
AXISBANK.NS/BAJAJFINSV.NS,4288,-2.990,false,0.1159,false,123.5
AXISBANK.NS/BRITANNIA.NS,4288,-3.307,false,0.0555,false,109.8
AXISBANK.NS/COALINDIA.NS,3834,-0.950,false,0.8679,false,755.8
AXISBANK.NS/SBILIFE.NS,2134,-2.319,false,0.3833,false,94.5
AXISBANK.NS/HDFCLIFE.NS,2102,-1.587,false,0.7138,false,172.5
AXISBANK.NS/APOLLOHOSP.NS,4288,-2.713,false,0.2043,false,142.0
ULTRACEMCO.NS/SUNPHARMA.NS,4288,-1.223,false,0.8093,false,445.8
ULTRACEMCO.NS/ASIANPAINT.NS,4288,-3.655,true,0.0222,false,74.6
ULTRACEMCO.NS/NESTLEIND.NS,4288,-3.852,true,0.0124,false,202.9
ULTRACEMCO.NS/POWERGRID.NS,4288,-3.026,false,0.1045,false,96.9
ULTRACEMCO.NS/NTPC.NS,4288,-1.916,false,0.5767,false,541.1
ULTRACEMCO.NS/ONGC.NS,4288,-1.553,false,0.7281,false,781.2
ULTRACEMCO.NS/DIVISLAB.NS,4287,-3.497,true,0.0349,false,129.8
ULTRACEMCO.NS/CIPLA.NS,4288,-3.257,false,0.0639,false,100.3
ULTRACEMCO.NS/EICHERMOT.NS,4288,-2.868,false,0.1550,false,93.1
ULTRACEMCO.NS/GRASIM.NS,4288,-2.613,false,0.2364,false,154.8
ULTRACEMCO.NS/HEROMOTOCO.NS,4288,-3.438,true,0.0405,false,87.1
ULTRACEMCO.NS/HINDALCO.NS,4288,-1.553,false,0.7278,false,511.1
ULTRACEMCO.NS/INDUSINDBK.NS,4288,-1.492,false,0.7517,false,246.5
ULTRACEMCO.NS/JSWSTEEL.NS,4288,-1.856,false,0.6016,false,323.1
ULTRACEMCO.NS/LT.NS,4288,-2.312,false,0.3871,false,196.0
ULTRACEMCO.NS/M&M.NS,4288,-2.911,false,0.1413,false,132.8
ULTRACEMCO.NS/TECHM.NS,4288,-2.358,false,0.3630,false,155.2
ULTRACEMCO.NS/TITAN.NS,4288,-2.449,false,0.3142,false,148.4
ULTRACEMCO.NS/UPL.NS,4288,-3.022,false,0.1058,false,145.8
ULTRACEMCO.NS/ADANIPORTS.NS,4288,-2.897,false,0.1457,false,97.3
ULTRACEMCO.NS/ADANIENT.NS,4288,-2.088,false,0.5050,false,469.8
ULTRACEMCO.NS/DRREDDY.NS,4288,-2.025,false,0.5312,false,241.6
ULTRACEMCO.NS/BAJAJFINSV.NS,4288,-3.028,false,0.1037,false,137.2
ULTRACEMCO.NS/BRITANNIA.NS,4288,-3.318,false,0.0537,false,120.6
ULTRACEMCO.NS/COALINDIA.NS,3834,-0.791,false,0.9009,false,1321.0
ULTRACEMCO.NS/SBILIFE.NS,2134,-2.700,false,0.2086,false,70.8
ULTRACEMCO.NS/HDFCLIFE.NS,2102,-1.466,false,0.7573,false,174.1
ULTRACEMCO.NS/APOLLOHOSP.NS,4288,-3.300,false,0.0567,false,85.1
SUNPHARMA.NS/ASIANPAINT.NS,4288,-1.507,false,0.7470,false,460.3
SUNPHARMA.NS/NESTLEIND.NS,4288,-2.660,false,0.2212,false,397.3
SUNPHARMA.NS/POWERGRID.NS,4288,-1.781,false,0.6327,false,444.6
SUNPHARMA.NS/NTPC.NS,4288,-2.653,false,0.2236,false,204.2
SUNPHARMA.NS/ONGC.NS,4288,-1.543,false,0.7322,false,589.9
SUNPHARMA.NS/DIVISLAB.NS,4287,-1.918,false,0.5757,false,428.4
SUNPHARMA.NS/EICHERMOT.NS,4288,-1.995,false,0.5438,false,273.4
SUNPHARMA.NS/GRASIM.NS,4288,-1.328,false,0.7869,false,587.0
SUNPHARMA.NS/HEROMOTOCO.NS,4288,-1.910,false,0.5792,false,277.4
SUNPHARMA.NS/HINDALCO.NS,4288,-1.790,false,0.6290,false,618.9
SUNPHARMA.NS/INDUSINDBK.NS,4288,-1.746,false,0.6475,false,340.6
SUNPHARMA.NS/JSWSTEEL.NS,4288,-1.421,false,0.7669,false,684.7
SUNPHARMA.NS/LT.NS,4288,-1.433,false,0.7643,false,466.7
SUNPHARMA.NS/M&M.NS,4288,-2.694,false,0.2104,false,167.4
SUNPHARMA.NS/TECHM.NS,4288,-1.420,false,0.7671,false,410.6
SUNPHARMA.NS/TITAN.NS,4288,-1.506,false,0.7473,false,525.7
SUNPHARMA.NS/UPL.NS,4288,-1.980,false,0.5501,false,410.0
SUNPHARMA.NS/ADANIPORTS.NS,4288,-1.311,false,0.7905,false,419.1
SUNPHARMA.NS/ADANIENT.NS,4288,-2.113,false,0.4932,false,543.1
SUNPHARMA.NS/BAJAJFINSV.NS,4288,-1.598,false,0.7093,false,543.1
SUNPHARMA.NS/BRITANNIA.NS,4288,-1.882,false,0.5907,false,430.1
SUNPHARMA.NS/COALINDIA.NS,3834,-1.875,false,0.5937,false,356.2
SUNPHARMA.NS/SBILIFE.NS,2134,-2.132,false,0.4828,false,107.9
SUNPHARMA.NS/HDFCLIFE.NS,2102,-0.917,false,0.8749,false,429.3
SUNPHARMA.NS/APOLLOHOSP.NS,4288,-1.974,false,0.5527,false,213.5
ASIANPAINT.NS/NESTLEIND.NS,4288,-3.498,true,0.0348,false,230.0
ASIANPAINT.NS/POWERGRID.NS,4288,-2.528,false,0.2723,false,127.0
ASIANPAINT.NS/NTPC.NS,4288,-1.603,false,0.7071,false,821.3
ASIANPAINT.NS/ONGC.NS,4288,-1.953,false,0.5611,false,960.3
ASIANPAINT.NS/DIVISLAB.NS,4287,-3.605,true,0.0248,false,116.9
ASIANPAINT.NS/CIPLA.NS,4288,-2.677,false,0.2157,false,128.8
ASIANPAINT.NS/EICHERMOT.NS,4288,-1.345,false,0.7832,false,385.7
ASIANPAINT.NS/GRASIM.NS,4288,-2.143,false,0.4772,false,223.2
ASIANPAINT.NS/HEROMOTOCO.NS,4288,-2.984,false,0.1177,false,123.5
ASIANPAINT.NS/HINDALCO.NS,4288,-1.436,false,0.7638,false,567.3
ASIANPAINT.NS/INDUSINDBK.NS,4288,-1.081,false,0.8397,false,528.5
ASIANPAINT.NS/JSWSTEEL.NS,4288,-1.791,false,0.6289,false,324.6
ASIANPAINT.NS/LT.NS,4288,-2.181,false,0.4568,false,207.7
ASIANPAINT.NS/M&M.NS,4288,-2.842,false,0.1632,false,163.8
ASIANPAINT.NS/TECHM.NS,4288,-2.179,false,0.4578,false,194.6
ASIANPAINT.NS/TITAN.NS,4288,-2.959,false,0.1257,false,120.4
ASIANPAINT.NS/UPL.NS,4288,-2.506,false,0.2842,false,221.7
ASIANPAINT.NS/ADANIPORTS.NS,4288,-2.704,false,0.2073,false,108.3
ASIANPAINT.NS/ADANIENT.NS,4288,-1.502,false,0.7492,false,639.9
ASIANPAINT.NS/DRREDDY.NS,4288,-2.180,false,0.4575,false,229.6
ASIANPAINT.NS/BAJAJFINSV.NS,4288,-2.542,false,0.2650,false,177.3
ASIANPAINT.NS/BRITANNIA.NS,4288,-2.868,false,0.1548,false,182.8
ASIANPAINT.NS/COALINDIA.NS,3834,-0.601,false,0.9186,false,1806.5
ASIANPAINT.NS/SBILIFE.NS,2134,-3.514,true,0.0332,false,44.9
ASIANPAINT.NS/HDFCLIFE.NS,2102,-1.968,false,0.5551,false,110.3
ASIANPAINT.NS/APOLLOHOSP.NS,4288,-3.165,false,0.0792,false,102.1
NESTLEIND.NS/POWERGRID.NS,4288,-3.164,false,0.0793,false,133.0
NESTLEIND.NS/NTPC.NS,4288,-1.112,false,0.8331,false,586.6
NESTLEIND.NS/ONGC.NS,4288,-1.892,false,0.5867,false,244.5
NESTLEIND.NS/DIVISLAB.NS,4287,-2.882,false,0.1504,false,154.3
NESTLEIND.NS/CIPLA.NS,4288,-2.402,false,0.3393,false,226.3
NESTLEIND.NS/EICHERMOT.NS,4288,-2.068,false,0.5133,false,275.9
NESTLEIND.NS/GRASIM.NS,4288,-2.776,false,0.1842,false,186.0
NESTLEIND.NS/HEROMOTOCO.NS,4288,-2.304,false,0.3916,false,248.8
NESTLEIND.NS/HINDALCO.NS,4288,-1.597,false,0.7094,false,396.3
NESTLEIND.NS/INDUSINDBK.NS,4288,-1.734,false,0.6527,false,353.6
NESTLEIND.NS/JSWSTEEL.NS,4288,-2.705,false,0.2070,false,194.4
NESTLEIND.NS/LT.NS,4288,-2.457,false,0.3102,false,215.2
NESTLEIND.NS/M&M.NS,4288,-1.867,false,0.5970,false,333.3
NESTLEIND.NS/TECHM.NS,4288,-2.995,false,0.1145,false,165.5
NESTLEIND.NS/TITAN.NS,4288,-2.648,false,0.2251,false,198.0
NESTLEIND.NS/UPL.NS,4288,-2.480,false,0.2977,false,195.0
NESTLEIND.NS/ADANIPORTS.NS,4288,-2.839,false,0.1642,false,176.0
NESTLEIND.NS/ADANIENT.NS,4288,-2.624,false,0.2329,false,189.9
NESTLEIND.NS/DRREDDY.NS,4288,-2.027,false,0.5303,false,297.5
NESTLEIND.NS/BAJAJFINSV.NS,4288,-3.020,false,0.1064,false,156.0
NESTLEIND.NS/BRITANNIA.NS,4288,-2.795,false,0.1781,false,166.6
NESTLEIND.NS/COALINDIA.NS,3834,-1.181,false,0.8184,false,550.2
NESTLEIND.NS/SBILIFE.NS,2134,-2.967,false,0.1234,false,71.5
NESTLEIND.NS/HDFCLIFE.NS,2102,-1.785,false,0.6314,false,114.6
NESTLEIND.NS/APOLLOHOSP.NS,4288,-2.268,false,0.4106,false,248.9
POWERGRID.NS/NTPC.NS,4288,-0.954,false,0.8670,false,911.3
POWERGRID.NS/ONGC.NS,4288,-1.268,false,0.7996,false,647.1
POWERGRID.NS/DIVISLAB.NS,4287,-2.677,false,0.2159,false,157.0
POWERGRID.NS/CIPLA.NS,4288,-2.518,false,0.2776,false,163.2
POWERGRID.NS/EICHERMOT.NS,4288,-1.983,false,0.5488,false,184.2
POWERGRID.NS/GRASIM.NS,4288,-4.292,true,0.0067,false,60.5
POWERGRID.NS/HEROMOTOCO.NS,4288,-3.459,true,0.0385,false,96.2
POWERGRID.NS/HINDALCO.NS,4288,-1.634,false,0.6940,false,332.5
POWERGRID.NS/INDUSINDBK.NS,4288,-1.499,false,0.7502,false,266.2
POWERGRID.NS/JSWSTEEL.NS,4288,-2.800,false,0.1767,false,118.6
POWERGRID.NS/LT.NS,4288,-2.826,false,0.1682,false,130.2
POWERGRID.NS/M&M.NS,4288,-2.072,false,0.5116,false,233.1
POWERGRID.NS/TECHM.NS,4288,-2.502,false,0.2863,false,166.0
POWERGRID.NS/TITAN.NS,4288,-2.418,false,0.3306,false,149.3
POWERGRID.NS/UPL.NS,4288,-4.141,true,0.0080,false,53.5
POWERGRID.NS/ADANIPORTS.NS,4288,-3.542,true,0.0306,false,68.3
POWERGRID.NS/ADANIENT.NS,4288,-1.668,false,0.6801,false,360.8
POWERGRID.NS/DRREDDY.NS,4288,-1.629,false,0.6964,false,359.7
POWERGRID.NS/BAJAJFINSV.NS,4288,-4.443,true,0.0055,false,42.4
POWERGRID.NS/BRITANNIA.NS,4288,-3.760,true,0.0170,false,70.5
POWERGRID.NS/COALINDIA.NS,3834,-0.846,false,0.8902,false,954.8
POWERGRID.NS/SBILIFE.NS,2134,-2.225,false,0.4337,false,78.7
POWERGRID.NS/HDFCLIFE.NS,2102,-0.496,false,0.9285,false,503.4
POWERGRID.NS/APOLLOHOSP.NS,4288,-2.072,false,0.5116,false,211.6
NTPC.NS/ONGC.NS,4288,-3.524,true,0.0324,false,84.4
NTPC.NS/DIVISLAB.NS,4287,-3.650,true,0.0225,false,77.1
NTPC.NS/CIPLA.NS,4288,-3.675,true,0.0213,false,77.0
NTPC.NS/EICHERMOT.NS,4288,-3.603,true,0.0248,false,80.2
NTPC.NS/GRASIM.NS,4288,-3.618,true,0.0241,false,80.3
NTPC.NS/HEROMOTOCO.NS,4288,-3.569,true,0.0280,false,81.9
NTPC.NS/HINDALCO.NS,4288,-3.872,true,0.0114,false,71.2
NTPC.NS/INDUSINDBK.NS,4288,-3.571,true,0.0278,false,81.8
NTPC.NS/JSWSTEEL.NS,4288,-3.666,true,0.0217,false,78.5
NTPC.NS/LT.NS,4288,-3.586,true,0.0263,false,81.7
NTPC.NS/M&M.NS,4288,-3.605,true,0.0247,false,80.2
NTPC.NS/TECHM.NS,4288,-3.611,true,0.0245,false,79.8
NTPC.NS/TITAN.NS,4288,-3.592,true,0.0257,false,80.6
NTPC.NS/UPL.NS,4288,-3.590,true,0.0259,false,81.0
NTPC.NS/ADANIPORTS.NS,4288,-3.566,true,0.0283,false,82.1
NTPC.NS/ADANIENT.NS,4288,-3.576,true,0.0273,false,81.7
NTPC.NS/DRREDDY.NS,4288,-4.025,true,0.0090,false,65.3
NTPC.NS/BAJAJFINSV.NS,4288,-3.580,true,0.0269,false,81.4
NTPC.NS/BRITANNIA.NS,4288,-3.576,true,0.0273,false,81.4
NTPC.NS/COALINDIA.NS,3834,-3.261,false,0.0631,false,82.5
NTPC.NS/SBILIFE.NS,2134,-0.806,false,0.8987,false,395.8
NTPC.NS/HDFCLIFE.NS,2102,0.240,false,0.9750,false,
NTPC.NS/APOLLOHOSP.NS,4288,-3.795,true,0.0152,false,71.9
ONGC.NS/DIVISLAB.NS,4287,-3.097,false,0.0905,false,124.3
ONGC.NS/CIPLA.NS,4288,-2.686,false,0.2131,false,149.2
ONGC.NS/EICHERMOT.NS,4288,-2.693,false,0.2108,false,147.1
ONGC.NS/GRASIM.NS,4288,-2.627,false,0.2319,false,153.1
ONGC.NS/HEROMOTOCO.NS,4288,-2.550,false,0.2604,false,156.4
ONGC.NS/HINDALCO.NS,4288,-2.399,false,0.3411,false,169.1
ONGC.NS/INDUSINDBK.NS,4288,-2.548,false,0.2617,false,152.8
ONGC.NS/JSWSTEEL.NS,4288,-2.796,false,0.1779,false,143.1
ONGC.NS/LT.NS,4288,-2.491,false,0.2922,false,162.2
ONGC.NS/M&M.NS,4288,-2.369,false,0.3572,false,165.6
ONGC.NS/TECHM.NS,4288,-2.710,false,0.2052,false,147.5
ONGC.NS/TITAN.NS,4288,-2.871,false,0.1541,false,138.8
ONGC.NS/UPL.NS,4288,-2.834,false,0.1656,false,140.7
ONGC.NS/ADANIPORTS.NS,4288,-2.665,false,0.2198,false,151.3
ONGC.NS/ADANIENT.NS,4288,-3.218,false,0.0704,false,116.3
ONGC.NS/DRREDDY.NS,4288,-2.711,false,0.2048,false,147.4
ONGC.NS/BAJAJFINSV.NS,4288,-2.943,false,0.1311,false,134.6
ONGC.NS/BRITANNIA.NS,4288,-2.945,false,0.1303,false,134.4
ONGC.NS/COALINDIA.NS,3834,-3.500,true,0.0346,false,78.0
ONGC.NS/SBILIFE.NS,2134,-1.351,false,0.7819,false,245.0
ONGC.NS/HDFCLIFE.NS,2102,-1.017,false,0.8536,false,331.0
ONGC.NS/APOLLOHOSP.NS,4288,-2.776,false,0.1843,false,144.0
DIVISLAB.NS/CIPLA.NS,4287,-2.532,false,0.2701,false,179.7
DIVISLAB.NS/EICHERMOT.NS,4287,-0.697,false,0.9097,false,963.3
DIVISLAB.NS/GRASIM.NS,4287,-1.894,false,0.5858,false,320.1
DIVISLAB.NS/HEROMOTOCO.NS,4287,-2.257,false,0.4166,false,234.6
DIVISLAB.NS/HINDALCO.NS,4287,-0.684,false,0.9109,false,1399.3
DIVISLAB.NS/INDUSINDBK.NS,4287,-0.510,false,0.9272,false,1570.7
DIVISLAB.NS/JSWSTEEL.NS,4287,-1.790,false,0.6293,false,352.4
DIVISLAB.NS/LT.NS,4287,-1.783,false,0.6321,false,305.8
DIVISLAB.NS/M&M.NS,4287,-2.224,false,0.4342,false,298.3
DIVISLAB.NS/TECHM.NS,4287,-2.766,false,0.1876,false,162.7
DIVISLAB.NS/TITAN.NS,4287,-2.332,false,0.3765,false,204.1
DIVISLAB.NS/UPL.NS,4287,-1.250,false,0.8036,false,461.1
DIVISLAB.NS/ADANIPORTS.NS,4287,-2.441,false,0.3184,false,162.8
DIVISLAB.NS/ADANIENT.NS,4287,-1.330,false,0.7864,false,576.3
DIVISLAB.NS/DRREDDY.NS,4287,-2.490,false,0.2924,false,236.7
DIVISLAB.NS/BAJAJFINSV.NS,4287,-2.005,false,0.5395,false,265.4
DIVISLAB.NS/BRITANNIA.NS,4287,-1.414,false,0.7684,false,340.9
DIVISLAB.NS/COALINDIA.NS,3833,-0.540,false,0.9244,false,1489.8
DIVISLAB.NS/SBILIFE.NS,2133,-2.598,false,0.2411,false,98.1
DIVISLAB.NS/HDFCLIFE.NS,2101,-2.185,false,0.4549,false,86.4
DIVISLAB.NS/APOLLOHOSP.NS,4287,-2.732,false,0.1983,false,158.2
CIPLA.NS/EICHERMOT.NS,4288,-3.341,true,0.0499,false,87.7
CIPLA.NS/GRASIM.NS,4288,-2.637,false,0.2287,false,152.8
CIPLA.NS/HEROMOTOCO.NS,4288,-3.452,true,0.0393,false,86.5
CIPLA.NS/HINDALCO.NS,4288,-1.860,false,0.6000,false,349.0
CIPLA.NS/INDUSINDBK.NS,4288,-2.146,false,0.4756,false,187.0
CIPLA.NS/JSWSTEEL.NS,4288,-2.178,false,0.4583,false,225.4
CIPLA.NS/LT.NS,4288,-2.583,false,0.2459,false,158.2
CIPLA.NS/M&M.NS,4288,-3.326,false,0.0523,false,98.3
CIPLA.NS/TECHM.NS,4288,-3.244,false,0.0660,false,98.8
CIPLA.NS/TITAN.NS,4288,-2.585,false,0.2452,false,164.0
CIPLA.NS/UPL.NS,4288,-3.058,false,0.0970,false,133.9
CIPLA.NS/ADANIPORTS.NS,4288,-3.534,true,0.0313,false,81.1
CIPLA.NS/ADANIENT.NS,4288,-2.227,false,0.4322,false,287.4
CIPLA.NS/BAJAJFINSV.NS,4288,-2.670,false,0.2180,false,160.3
CIPLA.NS/BRITANNIA.NS,4288,-3.286,false,0.0591,false,112.1
CIPLA.NS/COALINDIA.NS,3834,-0.837,false,0.8921,false,805.0
CIPLA.NS/SBILIFE.NS,2134,-2.215,false,0.4386,false,103.6
CIPLA.NS/HDFCLIFE.NS,2102,-1.481,false,0.7541,false,202.0
CIPLA.NS/APOLLOHOSP.NS,4288,-3.433,true,0.0410,false,79.3
EICHERMOT.NS/GRASIM.NS,4288,-1.863,false,0.5986,false,235.5
EICHERMOT.NS/HEROMOTOCO.NS,4288,-4.192,true,0.0076,false,65.0
EICHERMOT.NS/HINDALCO.NS,4288,-1.315,false,0.7897,false,737.8
EICHERMOT.NS/INDUSINDBK.NS,4288,-2.511,false,0.2812,false,170.7
EICHERMOT.NS/JSWSTEEL.NS,4288,-1.286,false,0.7959,false,581.2
EICHERMOT.NS/LT.NS,4288,-2.103,false,0.4982,false,235.1
EICHERMOT.NS/M&M.NS,4288,-4.097,true,0.0084,false,92.6
EICHERMOT.NS/TECHM.NS,4288,-1.779,false,0.6339,false,285.6
EICHERMOT.NS/TITAN.NS,4288,-1.278,false,0.7975,false,555.9
EICHERMOT.NS/UPL.NS,4288,-2.495,false,0.2900,false,226.0
EICHERMOT.NS/ADANIPORTS.NS,4288,-1.942,false,0.5660,false,144.8
EICHERMOT.NS/ADANIENT.NS,4288,-1.371,false,0.7777,false,1053.6
EICHERMOT.NS/DRREDDY.NS,4288,-2.005,false,0.5398,false,274.8
EICHERMOT.NS/BAJAJFINSV.NS,4288,-1.264,false,0.8005,false,617.1
EICHERMOT.NS/BRITANNIA.NS,4288,-2.185,false,0.4546,false,333.7
EICHERMOT.NS/COALINDIA.NS,3834,-1.496,false,0.7509,false,1134.7
EICHERMOT.NS/SBILIFE.NS,2134,-2.179,false,0.4578,false,121.3
EICHERMOT.NS/HDFCLIFE.NS,2102,-1.829,false,0.6130,false,165.9
EICHERMOT.NS/APOLLOHOSP.NS,4288,-2.048,false,0.5216,false,185.4
GRASIM.NS/HEROMOTOCO.NS,4288,-3.353,true,0.0488,false,86.9
GRASIM.NS/HINDALCO.NS,4288,-1.913,false,0.5780,false,297.2
GRASIM.NS/INDUSINDBK.NS,4288,-1.519,false,0.7421,false,244.3
GRASIM.NS/JSWSTEEL.NS,4288,-2.582,false,0.2462,false,151.9
GRASIM.NS/LT.NS,4288,-2.430,false,0.3242,false,152.3
GRASIM.NS/M&M.NS,4288,-2.116,false,0.4912,false,208.4
GRASIM.NS/TECHM.NS,4288,-2.182,false,0.4565,false,205.2
GRASIM.NS/TITAN.NS,4288,-2.154,false,0.4710,false,185.1
GRASIM.NS/UPL.NS,4288,-3.216,false,0.0707,false,116.5
GRASIM.NS/ADANIPORTS.NS,4288,-3.010,false,0.1094,false,92.5
GRASIM.NS/ADANIENT.NS,4288,-2.143,false,0.4773,false,339.3
GRASIM.NS/DRREDDY.NS,4288,-1.424,false,0.7663,false,429.0
GRASIM.NS/BAJAJFINSV.NS,4288,-3.180,false,0.0767,false,107.5
GRASIM.NS/BRITANNIA.NS,4288,-2.963,false,0.1245,false,132.5
GRASIM.NS/COALINDIA.NS,3834,-0.257,false,0.9509,false,3327.8
GRASIM.NS/SBILIFE.NS,2134,-1.761,false,0.6412,false,176.1
GRASIM.NS/HDFCLIFE.NS,2102,-1.157,false,0.8236,false,382.5
GRASIM.NS/APOLLOHOSP.NS,4288,-2.301,false,0.3930,false,210.5
HEROMOTOCO.NS/HINDALCO.NS,4288,-2.445,false,0.3163,false,221.9
HEROMOTOCO.NS/INDUSINDBK.NS,4288,-3.277,false,0.0605,false,86.4
HEROMOTOCO.NS/JSWSTEEL.NS,4288,-2.901,false,0.1444,false,139.7
HEROMOTOCO.NS/LT.NS,4288,-2.833,false,0.1660,false,115.5
HEROMOTOCO.NS/M&M.NS,4288,-3.683,true,0.0208,false,77.9
HEROMOTOCO.NS/TECHM.NS,4288,-2.789,false,0.1801,false,123.8
HEROMOTOCO.NS/TITAN.NS,4288,-3.232,false,0.0680,false,124.9
HEROMOTOCO.NS/UPL.NS,4288,-4.554,true,0.0049,false,76.4
HEROMOTOCO.NS/ADANIPORTS.NS,4288,-4.277,true,0.0069,false,65.4
HEROMOTOCO.NS/ADANIENT.NS,4288,-2.719,false,0.2025,false,245.9
HEROMOTOCO.NS/DRREDDY.NS,4288,-2.561,false,0.2549,false,166.2
HEROMOTOCO.NS/BAJAJFINSV.NS,4288,-3.649,true,0.0226,false,104.3
HEROMOTOCO.NS/BRITANNIA.NS,4288,-4.292,true,0.0067,false,85.2
HEROMOTOCO.NS/COALINDIA.NS,3834,-1.729,false,0.6545,false,360.8
HEROMOTOCO.NS/SBILIFE.NS,2134,-2.613,false,0.2363,false,77.3
HEROMOTOCO.NS/HDFCLIFE.NS,2102,-2.643,false,0.2267,false,76.3
HEROMOTOCO.NS/APOLLOHOSP.NS,4288,-3.407,true,0.0435,false,107.4
HINDALCO.NS/INDUSINDBK.NS,4288,-1.798,false,0.6257,false,262.2
HINDALCO.NS/JSWSTEEL.NS,4288,-2.590,false,0.2437,false,150.6
HINDALCO.NS/LT.NS,4288,-2.403,false,0.3388,false,173.2
HINDALCO.NS/M&M.NS,4288,-1.784,false,0.6318,false,270.3
HINDALCO.NS/TECHM.NS,4288,-2.107,false,0.4963,false,229.5
HINDALCO.NS/TITAN.NS,4288,-2.358,false,0.3629,false,188.7
HINDALCO.NS/UPL.NS,4288,-2.387,false,0.3476,false,199.5
HINDALCO.NS/ADANIPORTS.NS,4288,-2.376,false,0.3530,false,180.0
HINDALCO.NS/ADANIENT.NS,4288,-2.924,false,0.1371,false,138.6
HINDALCO.NS/DRREDDY.NS,4288,-1.899,false,0.5836,false,270.8
HINDALCO.NS/BAJAJFINSV.NS,4288,-2.371,false,0.3559,false,192.3
HINDALCO.NS/BRITANNIA.NS,4288,-2.311,false,0.3877,false,209.3
HINDALCO.NS/COALINDIA.NS,3834,-0.867,false,0.8857,false,581.8
HINDALCO.NS/SBILIFE.NS,2134,-1.987,false,0.5470,false,132.5
HINDALCO.NS/HDFCLIFE.NS,2102,-1.395,false,0.7724,false,265.7
HINDALCO.NS/APOLLOHOSP.NS,4288,-2.178,false,0.4587,false,235.9
INDUSINDBK.NS/JSWSTEEL.NS,4288,-1.303,false,0.7923,false,467.9
INDUSINDBK.NS/LT.NS,4288,-2.164,false,0.4658,false,214.1
INDUSINDBK.NS/M&M.NS,4288,-3.576,true,0.0273,false,73.2
INDUSINDBK.NS/TECHM.NS,4288,-1.504,false,0.7482,false,343.4
INDUSINDBK.NS/TITAN.NS,4288,-1.612,false,0.7034,false,345.5
INDUSINDBK.NS/UPL.NS,4288,-2.940,false,0.1319,false,207.6
INDUSINDBK.NS/ADANIPORTS.NS,4288,-1.613,false,0.7029,false,231.3
INDUSINDBK.NS/ADANIENT.NS,4288,-2.209,false,0.4419,false,589.9
INDUSINDBK.NS/DRREDDY.NS,4288,-1.740,false,0.6499,false,399.9
INDUSINDBK.NS/BAJAJFINSV.NS,4288,-2.176,false,0.4597,false,339.2
INDUSINDBK.NS/BRITANNIA.NS,4288,-2.817,false,0.1712,false,251.2
INDUSINDBK.NS/COALINDIA.NS,3834,-1.308,false,0.7911,false,511.2
INDUSINDBK.NS/SBILIFE.NS,2134,-1.771,false,0.6370,false,189.0
INDUSINDBK.NS/HDFCLIFE.NS,2102,-1.897,false,0.5845,false,132.9
INDUSINDBK.NS/APOLLOHOSP.NS,4288,-1.629,false,0.6962,false,260.2
JSWSTEEL.NS/LT.NS,4288,-2.965,false,0.1241,false,118.6
JSWSTEEL.NS/M&M.NS,4288,-1.539,false,0.7337,false,386.9
JSWSTEEL.NS/TECHM.NS,4288,-2.098,false,0.5007,false,235.8
JSWSTEEL.NS/TITAN.NS,4288,-2.258,false,0.4162,false,220.0
JSWSTEEL.NS/UPL.NS,4288,-2.975,false,0.1208,false,155.6
JSWSTEEL.NS/ADANIPORTS.NS,4288,-2.634,false,0.2295,false,144.3
JSWSTEEL.NS/ADANIENT.NS,4288,-2.067,false,0.5137,false,268.7
JSWSTEEL.NS/DRREDDY.NS,4288,-1.412,false,0.7689,false,480.3
JSWSTEEL.NS/BAJAJFINSV.NS,4288,-2.767,false,0.1872,false,154.4
JSWSTEEL.NS/BRITANNIA.NS,4288,-2.639,false,0.2279,false,188.9
JSWSTEEL.NS/COALINDIA.NS,3834,-0.131,false,0.9627,false,6223.6
JSWSTEEL.NS/SBILIFE.NS,2134,-1.892,false,0.5865,false,146.5
JSWSTEEL.NS/HDFCLIFE.NS,2102,-1.092,false,0.8375,false,367.7
JSWSTEEL.NS/APOLLOHOSP.NS,4288,-1.963,false,0.5570,false,318.0
LT.NS/M&M.NS,4288,-2.245,false,0.4230,false,164.1
LT.NS/TECHM.NS,4288,-3.151,false,0.0815,false,106.9
LT.NS/TITAN.NS,4288,-2.901,false,0.1442,false,145.0
LT.NS/UPL.NS,4288,-3.681,true,0.0209,false,90.9
LT.NS/ADANIPORTS.NS,4288,-3.997,true,0.0092,false,60.6
LT.NS/ADANIENT.NS,4288,-2.168,false,0.4639,false,239.0
LT.NS/DRREDDY.NS,4288,-2.278,false,0.4055,false,235.6
LT.NS/BAJAJFINSV.NS,4288,-3.462,true,0.0383,false,120.5
LT.NS/BRITANNIA.NS,4288,-3.435,true,0.0409,false,127.6
LT.NS/COALINDIA.NS,3834,-0.678,false,0.9115,false,1310.8
LT.NS/SBILIFE.NS,2134,-1.148,false,0.8254,false,249.3
LT.NS/HDFCLIFE.NS,2102,-0.006,false,0.9744,false,99082.4
LT.NS/APOLLOHOSP.NS,4288,-2.411,false,0.3347,false,190.1
M&M.NS/TECHM.NS,4288,-3.506,true,0.0340,false,127.2
M&M.NS/TITAN.NS,4288,-3.944,true,0.0096,false,122.0
M&M.NS/UPL.NS,4288,-4.658,true,0.0046,false,122.9
M&M.NS/ADANIPORTS.NS,4288,-3.903,true,0.0100,false,105.6
M&M.NS/ADANIENT.NS,4288,-3.699,true,0.0201,false,223.2
M&M.NS/DRREDDY.NS,4288,-3.162,false,0.0796,false,127.1
M&M.NS/BAJAJFINSV.NS,4288,-4.003,true,0.0091,false,138.1
M&M.NS/BRITANNIA.NS,4288,-4.637,true,0.0047,false,116.0
M&M.NS/COALINDIA.NS,3834,-1.599,false,0.7088,false,362.8
M&M.NS/SBILIFE.NS,2134,-1.176,false,0.8194,false,293.0
M&M.NS/HDFCLIFE.NS,2102,-0.525,false,0.9257,false,872.1
M&M.NS/APOLLOHOSP.NS,4288,-3.964,true,0.0095,false,81.3
TECHM.NS/TITAN.NS,4288,-2.079,false,0.5089,false,232.4
TECHM.NS/UPL.NS,4288,-2.997,false,0.1138,false,163.5
TECHM.NS/ADANIPORTS.NS,4288,-3.091,false,0.0914,false,107.0
TECHM.NS/ADANIENT.NS,4288,-2.116,false,0.4914,false,385.2
TECHM.NS/DRREDDY.NS,4288,-2.068,false,0.5134,false,237.8
TECHM.NS/BAJAJFINSV.NS,4288,-2.456,false,0.3104,false,224.8
TECHM.NS/BRITANNIA.NS,4288,-3.102,false,0.0897,false,160.0
TECHM.NS/COALINDIA.NS,3834,-0.160,false,0.9600,false,6833.3
TECHM.NS/SBILIFE.NS,2134,-2.856,false,0.1587,false,77.0
TECHM.NS/HDFCLIFE.NS,2102,-1.776,false,0.6348,false,158.7
TECHM.NS/APOLLOHOSP.NS,4288,-2.477,false,0.2996,false,158.6
TITAN.NS/UPL.NS,4288,-2.052,false,0.5202,false,313.6
TITAN.NS/ADANIPORTS.NS,4288,-2.390,false,0.3458,false,133.2
TITAN.NS/ADANIENT.NS,4288,-1.420,false,0.7671,false,557.0
TITAN.NS/DRREDDY.NS,4288,-1.710,false,0.6627,false,353.9
TITAN.NS/BAJAJFINSV.NS,4288,-2.493,false,0.2911,false,176.0
TITAN.NS/BRITANNIA.NS,4288,-2.168,false,0.4636,false,276.5
TITAN.NS/COALINDIA.NS,3834,-0.645,false,0.9145,false,1277.9
TITAN.NS/SBILIFE.NS,2134,-3.781,true,0.0160,false,43.4
TITAN.NS/HDFCLIFE.NS,2102,-1.072,false,0.8418,false,319.7
TITAN.NS/APOLLOHOSP.NS,4288,-2.074,false,0.5107,false,191.8
UPL.NS/ADANIPORTS.NS,4288,-3.374,true,0.0467,false,67.6
UPL.NS/ADANIENT.NS,4288,-0.973,false,0.8630,false,849.0
UPL.NS/DRREDDY.NS,4288,-1.745,false,0.6480,false,405.2
UPL.NS/BAJAJFINSV.NS,4288,-2.669,false,0.2185,false,154.4
UPL.NS/BRITANNIA.NS,4288,-3.039,false,0.1003,false,113.2
UPL.NS/COALINDIA.NS,3834,-0.399,false,0.9376,false,3113.4
UPL.NS/SBILIFE.NS,2134,-2.648,false,0.2251,false,71.8
UPL.NS/HDFCLIFE.NS,2102,-1.907,false,0.5802,false,137.5
UPL.NS/APOLLOHOSP.NS,4288,-1.746,false,0.6476,false,344.4
ADANIPORTS.NS/ADANIENT.NS,4288,-1.921,false,0.5748,false,290.4
ADANIPORTS.NS/DRREDDY.NS,4288,-1.847,false,0.6055,false,226.7
ADANIPORTS.NS/BAJAJFINSV.NS,4288,-2.860,false,0.1573,false,96.1
ADANIPORTS.NS/BRITANNIA.NS,4288,-2.935,false,0.1334,false,81.6
ADANIPORTS.NS/COALINDIA.NS,3834,-0.562,false,0.9224,false,1322.5
ADANIPORTS.NS/SBILIFE.NS,2134,-2.666,false,0.2194,false,73.0
ADANIPORTS.NS/HDFCLIFE.NS,2102,-1.704,false,0.6649,false,174.6
ADANIPORTS.NS/APOLLOHOSP.NS,4288,-2.316,false,0.3853,false,143.8
ADANIENT.NS/DRREDDY.NS,4288,0.465,false,0.9750,false,
ADANIENT.NS/BAJAJFINSV.NS,4288,-0.364,false,0.9409,false,
ADANIENT.NS/BRITANNIA.NS,4288,-0.262,false,0.9505,false,
ADANIENT.NS/COALINDIA.NS,3834,-0.192,false,0.9570,false,2915.9
ADANIENT.NS/SBILIFE.NS,2134,-2.742,false,0.1952,false,61.2
ADANIENT.NS/HDFCLIFE.NS,2102,-1.165,false,0.8218,false,249.8
ADANIENT.NS/APOLLOHOSP.NS,4288,0.083,false,0.9750,false,
DRREDDY.NS/BAJAJFINSV.NS,4288,-2.592,false,0.2430,false,272.0
DRREDDY.NS/BRITANNIA.NS,4288,-3.079,false,0.0935,false,214.0
DRREDDY.NS/COALINDIA.NS,3834,-1.255,false,0.8024,false,513.0
DRREDDY.NS/SBILIFE.NS,2134,-2.226,false,0.4332,false,111.0
DRREDDY.NS/HDFCLIFE.NS,2102,-2.401,false,0.3400,false,85.4
DRREDDY.NS/APOLLOHOSP.NS,4288,-4.517,true,0.0050,false,58.7
BAJAJFINSV.NS/BRITANNIA.NS,4288,-2.764,false,0.1882,false,159.2
BAJAJFINSV.NS/COALINDIA.NS,3834,-0.137,false,0.9622,false,9946.2
BAJAJFINSV.NS/SBILIFE.NS,2134,-3.023,false,0.1055,false,58.8
BAJAJFINSV.NS/HDFCLIFE.NS,2102,-1.475,false,0.7554,false,215.8
BAJAJFINSV.NS/APOLLOHOSP.NS,4288,-1.718,false,0.6594,false,351.2
BRITANNIA.NS/COALINDIA.NS,3834,-0.950,false,0.8678,false,2141.1
BRITANNIA.NS/SBILIFE.NS,2134,-3.034,false,0.1018,false,68.2
BRITANNIA.NS/HDFCLIFE.NS,2102,-1.721,false,0.6579,false,154.1
BRITANNIA.NS/APOLLOHOSP.NS,4288,-1.785,false,0.6314,false,322.0
COALINDIA.NS/SBILIFE.NS,2134,-0.437,false,0.9341,false,897.3
COALINDIA.NS/HDFCLIFE.NS,2102,-0.123,false,0.9635,false,2960.8
COALINDIA.NS/APOLLOHOSP.NS,3834,-2.521,false,0.2762,false,148.7
SBILIFE.NS/HDFCLIFE.NS,2102,-1.844,false,0.6065,false,135.2
SBILIFE.NS/APOLLOHOSP.NS,2134,-3.423,true,0.0420,false,44.4
HDFCLIFE.NS/APOLLOHOSP.NS,2102,-2.969,false,0.1225,false,67.1
HDFCBANK.NS/ICICIBANK.NS,4288,-3.198,false,0.0736,false,99.3
HDFCBANK.NS/KOTAKBANK.NS,4288,-4.968,true,0.0039,false,36.9
ICICIBANK.NS/AXISBANK.NS,4288,-2.360,false,0.3618,false,151.3
SBIN.NS/ICICIBANK.NS,4288,-3.010,false,0.1096,false,117.0
HDFCBANK.NS/AXISBANK.NS,4288,-2.522,false,0.2756,false,156.9
TATASTEEL.NS/JSWSTEEL.NS,4288,-2.320,false,0.3831,false,186.3
TATASTEEL.NS/HINDALCO.NS,4288,-4.407,true,0.0058,false,53.9
M&M.NS/MARUTI.NS,4288,-3.863,true,0.0118,false,145.5
M&M.NS/BAJAJ-AUTO.NS,4288,-3.413,true,0.0430,false,77.1
SUNPHARMA.NS/DRREDDY.NS,4288,-2.054,false,0.5193,false,235.3
CIPLA.NS/DRREDDY.NS,4288,-2.934,false,0.1340,false,104.3
SUNPHARMA.NS/CIPLA.NS,4288,-1.825,false,0.6145,false,237.0
TCS.NS/INFY.NS,4288,-2.231,false,0.4301,false,177.6
INFY.NS/WIPRO.NS,4288,-3.219,false,0.0701,false,93.5
TCS.NS/HCLTECH.NS,4288,-2.616,false,0.2353,false,96.0
